#Mic1 x,y,z
0.9 0.0 -12.1852
#NB, R_tip, R_hub, V_inf, RPM, blade_pitch shaft_pitch, shaft_yaw, altitude, J, hover_flag, SPL_flag
3 0.82 0.205 41.7091 2500 0.0 0.0 0.0 0.0 0.6055 0 1
#freq[Hz]  SPL [dB]
0   38.42592985352844
6.103515625231065   47.05035790157893
12.20703125046213   42.69234505814915
18.31054687569319   46.63015104951128
24.41406250092426   48.33795818546518
30.51757812615532   50.56301716467107
36.62109375138639   53.07775376940572
42.72460937661746   54.58443818616133
48.82812500184852   55.97597074612391
54.93164062707959   55.98839842719912
61.03515625231065   61.88131818255735
67.13867187754171   62.30539138699898
73.24218750277278   60.805071061162
79.34570312800385   53.46535914431114
85.44921875323492   62.06861033732856
91.55273437846597   61.12695726499773
97.65625000369704   64.06971541026016
103.7597656289281   67.98661052572183
109.8632812541592   65.60503954154123
115.9667968793902   60.13060165500082
122.0703125046213   86.55581464080888
128.1738281298524   92.32257281126715
134.2773437550834   86.46763957656535
140.3808593803145   70.84287151101113
146.4843750055456   64.45099058827999
152.5878906307766   58.3636099322069
158.6914062560077   56.60893257495945
164.7949218812388   55.50144254804194
170.8984375064698   60.29252449121238
177.0019531317009   64.86731600320491
183.1054687569319   64.10003489075275
189.208984382163   61.37203355832718
195.3125000073941   60.36406654958221
201.4160156326251   59.80924865132153
207.5195312578562   58.45156469472834
213.6230468830873   58.83368367834264
219.7265625083184   60.90312485357762
225.8300781335494   64.39906816035291
231.9335937587805   60.7592180441778
238.0371093840115   63.03587411404948
244.1406250092426   74.42982606043942
250.2441406344737   85.98361581936746
256.3476562597048   88.65011485048734
262.4511718849358   85.56471354168863
268.5546875101668   73.83795930159744
274.6582031353979   64.69302226246843
280.761718760629   61.90352879399796
286.86523438586   62.90212712753301
292.9687500110911   60.27034706432901
299.0722656363222   55.25864506321377
305.1757812615533   56.29478435928279
311.2792968867843   62.35282853582794
317.3828125120154   59.82553289700736
323.4863281372465   57.53771015942429
329.5898437624775   57.00773742473739
335.6933593877086   49.7388037238352
341.7968750129397   59.60863424119893
347.9003906381707   59.27385284563763
354.0039062634018   56.90451756173889
360.1074218886329   58.17073322050909
366.2109375138639   53.8227005547359
372.314453139095   68.96072723064856
378.417968764326   77.28410622218766
384.5214843895571   78.96628928385239
390.6250000147882   78.96620868592829
396.7285156400192   76.05126164995761
402.8320312652503   64.28749523091479
408.9355468904814   61.40461820920353
415.0390625157124   56.51619170995961
421.1425781409435   61.82507717881003
427.2460937661746   59.85866202889606
433.3496093914056   57.87975655110106
439.4531250166367   57.31735071079662
445.5566406418678   54.77441166375642
451.6601562670988   61.95347746110114
457.7636718923299   62.34328716100282
463.867187517561   61.36777991025386
469.970703142792   60.26083498717051
476.0742187680231   60.85674537362382
482.1777343932541   56.78246183243346
488.2812500184852   60.1441447836957
494.3847656437163   62.85843397938536
500.4882812689473   56.72003432082072
506.5917968941784   67.96524005921411
512.6953125194095   68.77622877022355
518.7988281446405   71.73835761416291
524.9023437698715   72.97906012890586
531.0058593951027   65.62006137161714
537.1093750203337   60.87565047585012
543.2128906455648   59.05650672502956
549.3164062707958   54.04394513714281
555.4199218960269   56.01470858121556
561.523437521258   61.18615119179098
567.6269531464891   62.29036435226514
573.7304687717201   60.96005455899175
579.8339843969512   59.18241467782003
585.9375000221822   56.51926702495066
592.0410156474134   56.68710599439393
598.1445312726444   57.21204970577125
604.2480468978755   58.6656866048577
610.3515625231065   62.1758969362194
616.4550781483376   62.88208135541435
622.5585937735686   62.6049383082533
628.6621093987997   61.03890904937751
634.7656250240308   62.13757283319129
640.8691406492618   67.42618098883581
646.9726562744929   71.51244983597296
653.0761718997239   70.41897017631159
659.1796875249551   67.99335861813817
665.2832031501861   68.99229408941434
671.3867187754172   63.21034936444814
677.4902344006482   60.36711085537208
683.5937500258793   61.52038321937128
689.6972656511103   59.39121147167089
695.8007812763415   57.89107262658413
701.9042969015725   56.40152186805976
708.0078125268036   51.99368177362
714.1113281520346   50.08687262826165
720.2148437772657   48.56441945525759
726.3183594024968   55.60223705303493
732.4218750277278   57.66520403924542
738.5253906529589   62.24670612350145
744.6289062781899   59.91889407999213
750.732421903421   49.075633579702
756.835937528652   59.10386457102985
762.9394531538832   66.51776135920919
769.0429687791142   64.8914028139933
775.1464844043453   57.22752040324053
781.2500000295763   62.72657261159188
787.3535156548074   62.9577915160846
793.4570312800384   55.31257808480946
799.5605469052696   63.2177102822869
805.6640625305006   62.09548235861593
811.7675781557317   53.73263585106707
817.8710937809627   54.25753084894201
823.9746094061938   55.75920587304731
830.0781250314249   51.04541183998703
836.1816406566559   56.76658978339414
842.285156281887   58.27861118511542
848.388671907118   55.6605384670901
854.4921875323491   52.23123402678905
860.5957031575801   50.50258137752157
866.6992187828113   57.68238353765927
872.8027344080423   59.30483741848428
878.9062500332734   57.67358849625023
885.0097656585044   54.52346062818446
891.1132812837355   56.61945911457629
897.2167969089666   57.99719589886334
903.3203125341977   53.87410778702962
909.4238281594287   50.87563009447256
915.5273437846598   48.48390840112647
921.6308594098908   51.87427649544282
927.734375035122   56.02037242776131
933.837890660353   55.06821442949466
939.941406285584   49.91059629192406
946.0449219108151   51.12971941661235
952.1484375360461   47.43547253799643
958.2519531612772   53.89865780496709
964.3554687865083   53.39192830640925
970.4589844117394   44.15089213773334
976.5625000369704   49.23328753114546
982.6660156622015   47.51851551635593
988.7695312874325   48.43370765744844
994.8730469126637   52.49435804474184
1000.976562537895   53.59514397922553
1007.080078163126   52.25493492311111
1013.183593788357   54.26208834125678
1019.287109413588   52.77681869936985
1025.390625038819   53.53482411133049
1031.49414066405   55.78264762286911
1037.597656289281   57.95884688668937
1043.701171914512   54.96544764506861
1049.804687539743   54.09402588370956
1055.908203164974   56.27242373125432
1062.011718790205   55.73982740363236
1068.115234415436   58.32868507455687
1074.218750040667   56.46135200703326
1080.322265665899   50.91457216011722
1086.42578129113   49.90964066103327
1092.529296916361   48.09711843237736
1098.632812541592   49.98583597411444
1104.736328166823   46.33580485208447
1110.839843792054   43.69192473800552
1116.943359417285   52.66411608495545
1123.046875042516   53.3097179274171
1129.150390667747   48.76325127050691
1135.253906292978   50.25296491088422
1141.357421918209   49.13087086415655
1147.46093754344   53.77845527301973
1153.564453168671   57.08934295589869
1159.667968793902   48.26061955372811
1165.771484419133   53.46229987438562
1171.875000044364   52.86659012353208
1177.978515669595   49.89709525572431
1184.082031294827   47.28952234388343
1190.185546920058   45.08722415432685
1196.289062545289   38.98830700506109
1202.39257817052   45.88399723892881
1208.496093795751   44.9921145362802
1214.599609420982   50.39907237961521
1220.703125046213   53.48590069403296
1226.806640671444   51.24241162381224
1232.910156296675   49.68987521264091
1239.013671921906   40.76279286460557
1245.117187547137   45.78545757324058
1251.220703172368   49.10631801355421
1257.324218797599   50.72862292597123
1263.427734422831   53.26745120159775
1269.531250048062   46.84070504167803
1275.634765673293   50.29153445551385
1281.738281298524   49.97699440412684
1287.841796923755   47.67072657718117
1293.945312548986   46.5065883714096
1300.048828174217   43.87195685695895
1306.152343799448   48.26034581032144
1312.255859424679   50.11748365913888
1318.35937504991   49.26014334810066
1324.462890675141   47.68371253934922
1330.566406300372   49.8679083680904
1336.669921925603   48.84062610392826
1342.773437550834   47.71696036171992
1348.876953176065   50.73264042732646
1354.980468801296   48.41012284084815
1361.083984426527   46.99162517382145
1367.187500051759   42.88226481489989
1373.29101567699   45.54444237485639
1379.394531302221   49.01834203740715
1385.498046927452   51.14417063354024
1391.601562552683   45.61515358081052
1397.705078177914   45.00078341076129
1403.808593803145   41.52829434473148
1409.912109428376   51.97328279146872
1416.015625053607   48.96490932113359
1422.119140678838   51.53530506051843
1428.222656304069   39.03574212370052
1434.3261719293   47.726543152917
1440.429687554531   46.47258521594633
1446.533203179762   43.36486733147586
1452.636718804994   48.37887503840066
1458.740234430225   48.46976172065864
1464.843750055456   42.24161843705857
1470.947265680687   44.53520221038529
1477.050781305918   42.4388693632976
1483.154296931149   48.10785118580241
1489.25781255638   43.68263152705052
1495.361328181611   45.19124920334652
1501.464843806842   47.22277902795427
1507.568359432073   45.33552259087561
1513.671875057304   46.34478976986799
1519.775390682535   44.39739153326774
1525.878906307766   35.22384580428356
1531.982421932997   40.85655192240252
1538.085937558228   49.26015459682976
1544.18945318346   48.21460922238477
1550.292968808691   42.38276700014041
1556.396484433922   41.45863024771554
1562.500000059153   46.77370879912803
1568.603515684384   50.08073601919794
1574.707031309615   51.28810638472088
1580.810546934846   48.23409267739879
1586.914062560077   47.12619669387723
1593.017578185308   48.11884723598548
1599.121093810539   43.930812051367
1605.22460943577   37.07237866168418
1611.328125061001   43.69761278415378
1617.431640686232   43.25214444020348
1623.535156311463   44.92339525473681
1629.638671936694   43.68236566508956
1635.742187561925   47.15857048199896
1641.845703187156   48.33019780801663
1647.949218812388   49.30631243087796
1654.052734437619   48.12444611735297
1660.15625006285   48.44608580434616
1666.259765688081   46.04706151507145
1672.363281313312   43.41255159267253
1678.466796938543   45.49583503338993
1684.570312563774   48.05172574017941
1690.673828189005   43.28554991073311
1696.777343814236   43.82938091107881
1702.880859439467   44.27096680103055
1708.984375064698   39.79858498996893
1715.087890689929   41.73321768506545
1721.19140631516   47.44062514009838
1727.294921940392   42.7575291886357
1733.398437565623   46.71788697283931
1739.501953190854   44.92343661735173
1745.605468816085   40.87602410020861
1751.708984441316   33.16334559629431
1757.812500066547   38.72837598566001
1763.916015691778   43.38951045393803
1770.019531317009   43.35798593854318
1776.12304694224   38.89819328263462
1782.226562567471   41.92032074936212
1788.330078192702   40.11586463851322
1794.433593817933   42.4446638540271
1800.537109443164   43.59389414094844
1806.640625068395   41.43622855441744
1812.744140693626   45.5508765683743
1818.847656318857   47.67861540920103
1824.951171944088   42.56579649230374
1831.05468756932   43.74666791207918
1837.158203194551   43.13691217732938
1843.261718819782   43.8718278860543
1849.365234445013   41.3966561025961
1855.468750070244   42.28614628004049
1861.572265695475   40.88081250886191
1867.675781320706   43.71485418564244
1873.779296945937   45.4117897331896
1879.882812571168   43.6858644736411
1885.986328196399   42.50260604428235
1892.08984382163   42.51166272430665
1898.193359446861   41.70029667105278
1904.296875072092   43.92341919088584
1910.400390697323   35.22966747191276
1916.503906322554   40.92190321136907
1922.607421947785   46.06180657001032
1928.710937573017   47.33936800933023
1934.814453198248   44.07880819034381
1940.917968823479   41.23227957299025
1947.02148444871   37.23232009763984
1953.125000073941   33.53563899747262
1959.228515699172   37.16883983811213
1965.332031324403   30.33207926800589
1971.435546949634   40.57024790735273
1977.539062574865   40.25339445943386
1983.642578200096   36.54775261968047
1989.746093825327   34.1829676128246
1995.849609450558   38.64727199649564
2001.953125075789   36.77882526816085
2008.05664070102   37.54832166269429
2014.160156326252   34.06325606353664
2020.263671951483   34.61037954388079
2026.367187576714   36.52158180135815
2032.470703201945   44.12398083303068
2038.574218827176   45.25732289427239
2044.677734452407   43.56469905632178
2050.781250077638   44.16860236968748
2056.884765702869   43.6084967936326
2062.9882813281   33.3131333069509
2069.091796953331   43.8461629714472
2075.195312578562   43.80187936353568
2081.298828203793   46.27378770100172
2087.402343829024   47.51424458077263
2093.505859454255   41.62528794961962
2099.609375079486   38.7558736373151
2105.712890704718   40.2280654988915
2111.816406329949   42.94478638641078
2117.91992195518   40.4845954240099
2124.023437580411   37.8494106983573
2130.126953205642   39.88254288596463
2136.230468830873   42.3594479589641
2142.333984456104   43.33030030331317
2148.437500081335   41.18739300688684
2154.541015706566   38.84691821694631
2160.644531331797   38.21231437476482
2166.748046957028   34.93198879846425
2172.851562582259   34.07869738915407
2178.95507820749   35.34729569051454
2185.058593832721   39.96838283426312
2191.162109457952   37.35154847789082
2197.265625083183   34.04180462509678
2203.369140708414   41.90411213944537
2209.472656333646   42.54717962778766
2215.576171958877   37.94457587803062
2221.679687584108   45.83932847693032
2227.783203209339   41.97308292917561
2233.88671883457   37.6705616403223
2239.990234459801   35.89724226167963
2246.093750085032   43.98219994276302
2252.197265710263   44.62489755550774
2258.300781335494   40.92175006982889
2264.404296960725   34.23655633710577
2270.507812585956   38.14544118655897
2276.611328211187   38.77992298767368
2282.714843836418   36.50871393573026
2288.818359461649   37.05979612645667
2294.92187508688   42.73411789504321
2301.025390712111   44.77436066182176
2307.128906337342   42.83677261755696
2313.232421962574   41.47279270569123
2319.335937587805   32.36884743523853
2325.439453213036   37.30312392679367
2331.542968838267   38.5375779786725
2337.646484463498   39.53111990228114
2343.750000088729   41.47324397744005
2349.85351571396   37.24836760061334
2355.957031339191   39.22141540033743
2362.060546964422   39.85370022797152
2368.164062589653   39.23073913886618
2374.267578214884   37.56266108768136
2380.371093840115   34.31503769730111
2386.474609465346   42.38636781293513
2392.578125090577   36.76327053960812
2398.681640715808   38.11222090849638
2404.78515634104   36.08615790474106
2410.888671966271   36.88522232511446
2416.992187591502   40.4595829484719
2423.095703216733   40.69596793230903
2429.199218841964   39.25988277756504
2435.302734467195   34.0895541331656
2441.406250092426   33.981151297982
2447.509765717657   38.35830782626359
2453.613281342888   32.25198497892697
2459.716796968119   33.38651689141065
2465.820312593351   34.91810756149939
2471.923828218582   32.61351532265567
2478.027343843813   35.21147320584636
2484.130859469044   38.82220418526519
2490.234375094275   37.0373115519103
2496.337890719506   39.73234569364197
2502.441406344737   38.01353062501101
2508.544921969968   36.15147689546556
2514.648437595199   32.04658346820083
2520.75195322043   33.01707830054
2526.855468845661   36.6455315695255
2532.958984470892   37.31298318313108
2539.062500096123   35.48808155581943
2545.166015721354   34.81391194852926
2551.269531346585   32.81627989139492
2557.373046971816   40.36830332126844
2563.476562597047   41.3871655888445
2569.580078222279   37.20509843237586
2575.68359384751   36.98448347357436
2581.787109472741   41.72894111417308
2587.890625097972   38.61805792442368
2593.994140723203   39.58162530680691
2600.097656348434   38.76867002492305
2606.201171973665   35.69319696968779
2612.304687598896   39.8747531580547
2618.408203224127   38.61498411949498
2624.511718849358   36.79283311792447
2630.615234474589   41.09972983828668
2636.71875009982   39.93981968621489
2642.822265725051   36.57302716339045
2648.925781350282   37.19895389558857
2655.029296975513   41.92083788206173
2661.132812600744   37.51555522565425
2667.236328225975   35.41404064315601
2673.339843851207   33.93279991684644
2679.443359476438   31.05749180300616
2685.546875101669   38.90828602751093
2691.6503907269   37.87076549485172
2697.753906352131   39.5815880568798
2703.857421977362   39.36081079518346
2709.960937602593   40.391698623228
2716.064453227824   35.39200356711306
2722.167968853055   34.16872584241258
2728.271484478286   36.88693782358141
2734.375000103517   34.86495690307686
2740.478515728748   35.84234829135493
2746.582031353979   38.13353152210252
2752.68554697921   36.31870449511598
2758.789062604441   37.46813920031463
2764.892578229672   32.45142054117979
2770.996093854903   35.19513303410715
2777.099609480135   40.78460530046867
2783.203125105366   35.5325784697743
2789.306640730597   39.98586162933037
2795.410156355828   35.88420054592142
2801.513671981059   37.29158924258386
2807.61718760629   36.75371114323058
2813.720703231521   30.46700714424927
2819.824218856752   35.65515290019327
2825.927734481983   34.74481665695784
2832.031250107214   34.92556588558999
2838.134765732445   26.78472683730043
2844.238281357676   32.93081077567534
2850.341796982907   34.10078880243399
2856.445312608138   35.11259600043727
2862.548828233369   32.60232641352235
2868.6523438586   31.76049163608996
2874.755859483832   33.20441375901562
2880.859375109063   38.02217076625466
2886.962890734294   40.99185459549945
2893.066406359525   40.56787830905925
2899.169921984756   37.86653777956351
2905.273437609987   32.12539590233069
2911.376953235218   33.53799123541354
2917.480468860449   37.44449718046336
2923.58398448568   34.32214348266378
2929.687500110911   31.53456090245342
2935.791015736143   35.85555707883434
2941.894531361374   35.71328676825571
2947.998046986605   39.68608074974922
2954.101562611836   37.16165877355439
2960.205078237067   36.81245633943304
2966.308593862298   36.61883247195077
2972.412109487529   36.32949081544436
2978.51562511276   39.17047370626494
2984.619140737991   39.43111952399521
2990.722656363222   36.15537109350537
2996.826171988453   35.16822554439396
3002.929687613684   33.21104206831215
3009.033203238915   33.93044412682194
3015.136718864146   37.39477366453269
3021.240234489377   38.7264996323234
3027.343750114608   40.08025267919822
3033.447265739839   34.89017724771418
3039.550781365071   26.32349353466737
3045.654296990302   35.87223496334677
3051.757812615533   38.04845978428916
3057.861328240764   33.03682109108734
3063.964843865995   33.14752568552978
3070.068359491226   37.79265060207245
3076.171875116457   39.54237787928371
3082.275390741688   38.23106633502366
3088.378906366919   37.37209553837013
3094.48242199215   25.98680336260399
3100.585937617381   36.01556373262027
3106.689453242612   37.56415697721295
3112.792968867843   39.82419379296171
3118.896484493074   39.67509646287129
3125.000000118305   33.50595322172084
3131.103515743536   38.82522392712072
3137.207031368767   38.97310847569785
3143.310546993999   31.33957659309669
3149.41406261923   38.296234026523
3155.517578244461   40.24571866957452
3161.621093869692   38.2798457637123
3167.724609494923   37.5372353044346
3173.828125120154   36.58761474023406
3179.931640745385   38.19179856624433
3186.035156370616   34.37983959883832
3192.138671995847   32.04687713940452
3198.242187621078   35.54587266493895
3204.345703246309   42.98625241145659
3210.44921887154   41.88648088040975
3216.552734496771   35.81044322777059
3222.656250122002   30.46147587916961
3228.759765747233   29.73154665543345
3234.863281372464   36.72744825275033
3240.966796997695   40.10957496890774
3247.070312622927   36.3173494281403
3253.173828248158   36.59792105353604
3259.277343873389   36.17116768110863
3265.38085949862   37.68111052887669
3271.484375123851   30.42049114090534
3277.587890749082   38.23736328810131
3283.691406374313   37.35406359355187
3289.794921999544   37.53264824931318
3295.898437624775   35.49607066895938
3302.001953250006   37.25615790018211
3308.105468875237   39.33852574121407
3314.208984500468   38.5465695805908
3320.312500125699   35.54905465615678
3326.41601575093   32.3537743399588
3332.519531376161   38.60864148992184
3338.623047001392   25.22675058431414
3344.726562626623   32.59410038485356
3350.830078251855   38.18982355768766
3356.933593877086   39.17218936415657
3363.037109502317   36.74776732659497
3369.140625127548   37.06142607333894
3375.244140752779   33.75212264256264
3381.34765637801   35.50507973688028
3387.451172003241   38.08270316235139
3393.554687628472   33.39200852387521
3399.658203253704   36.67185431435555
3405.761718878935   41.94708024781728
3411.865234504166   41.12496868459321
3417.968750129397   34.78834012513318
3424.072265754628   37.50593968041387
3430.175781379859   37.05828150488252
3436.27929700509   35.40453496107043
3442.382812630321   36.80239111517407
3448.486328255552   36.32044868000548
3454.589843880783   37.53720022633725
3460.693359506014   38.3209625614051
3466.796875131245   37.31000564963917
3472.900390756476   35.26612096046976
3479.003906381707   35.09121290974166
3485.107422006938   35.22507407374098
3491.210937632169   36.21129458944452
3497.3144532574   36.4604726557488
3503.417968882632   38.64542929530564
3509.521484507863   40.63727249639893
3515.625000133094   39.71523220089534
3521.728515758325   33.03549560693361
3527.832031383556   33.31950154656124
3533.935547008787   39.92588198072043
3540.039062634018   40.78521598015005
3546.142578259249   41.34658707038513
3552.24609388448   38.383089919651
3558.349609509711   40.97646112096121
3564.453125134942   31.69059723348312
3570.556640760173   39.77788191783077
3576.660156385404   40.0282822438573
3582.763672010635   34.84350281385329
3588.867187635866   35.21577059227504
3594.970703261097   38.94794633915026
3601.074218886328   38.04606497584602
3607.17773451156   34.72741307650418
3613.281250136791   39.02608466606114
3619.384765762022   37.3032253550601
3625.488281387253   37.92658769395627
3631.591797012484   38.02962057902373
3637.695312637715   38.84047053025495
3643.798828262946   31.78327809490493
3649.902343888177   37.71665039669877
3656.005859513408   39.53642604636016
3662.109375138639   40.42463420642137
3668.21289076387   39.26179703572008
3674.316406389101   39.10891983792619
3680.419922014332   40.04126414896116
3686.523437639563   39.29052929077852
3692.626953264794   40.33385001773397
3698.730468890025   41.69917739443125
3704.833984515256   38.43509793668636
3710.937500140488   37.9470403956092
3717.041015765719   40.55017115424977
3723.14453139095   37.61194230939188
3729.248047016181   40.90941954208134
3735.351562641412   36.43520409001312
3741.455078266643   31.2940751177163
3747.558593891874   40.49533796071945
3753.662109517105   41.61581340915659
3759.765625142336   38.80095648083908
3765.869140767567   37.73605378407586
3771.972656392798   33.81082076239282
3778.076172018029   39.07668580620916
3784.17968764326   41.76730202437348
3790.283203268491   44.24363275254581
3796.386718893722   42.54362457354857
3802.490234518953   38.43011049140441
3808.593750144184   37.32931862722467
3814.697265769416   35.44834198463074
3820.800781394647   37.03166937962151
3826.904297019878   39.96337515484191
3833.007812645109   41.435342971946
3839.11132827034   35.90657535154813
3845.214843895571   36.60785529841048
3851.318359520802   39.92946456434615
3857.421875146033   38.39241413168619
3863.525390771264   38.4763236981057
3869.628906396495   38.44721423824316
3875.732422021727   36.61940755871194
3881.835937646958   38.93953643412538
3887.939453272189   40.49080508177947
3894.04296889742   37.90242181013406
3900.146484522651   36.86498629563647
3906.250000147882   40.13989515040646
3912.353515773113   41.42316904818824
3918.457031398344   41.58562447775464
3924.560547023575   39.65278153518705
3930.664062648806   37.77320759103374
3936.767578274037   37.4159713943741
3942.871093899268   34.69816931639362
3948.974609524499   38.71865143994378
3955.07812514973   40.06875469839332
3961.181640774961   35.2791865804052
3967.285156400192   37.5147859115428
3973.388672025424   39.22594068327634
3979.492187650655   35.95529051901654
3985.595703275886   29.18697630002105
3991.699218901117   28.02529259732114
3997.802734526348   30.38701498532986
4003.906250151579   31.63030223852038
4010.00976577681   40.28842510833928
4016.113281402041   42.45752074514566
4022.216797027272   39.5916777811041
4028.320312652503   39.78557682261388
4034.423828277734   44.13155793288696
4040.527343902965   45.46212049962655
4046.630859528196   38.43621903358132
4052.734375153427   29.15977376935665
4058.837890778658   32.09216556881255
4064.941406403889   41.05425106376141
4071.04492202912   43.60054359232915
4077.148437654352   39.7033305501983
4083.251953279583   36.61653662408038
4089.355468904814   39.03450586613802
4095.458984530045   39.22794844990575
4101.562500155276   37.09331630635173
4107.666015780507   37.88502193320118
4113.769531405738   40.17778428001985
4119.873047030969   40.35045252395577
4125.9765626562   42.50642647799953
4132.080078281431   41.06607905173783
4138.183593906662   39.01250753794459
4144.287109531893   37.94288557686011
4150.390625157124   37.97371073917263
4156.494140782355   40.5566226084154
4162.597656407586   35.26771512686818
4168.701172032817   34.70847172179337
4174.804687658048   35.76319860221131
4180.908203283279   39.10068763845423
4187.01171890851   44.07278435560965
4193.115234533741   34.74159567893255
4199.218750158972   40.37898454376996
4205.322265784204   38.76951751711545
4211.425781409435   43.20966893478037
4217.529297034666   40.78628213120675
4223.632812659897   35.94597106509619
4229.736328285128   40.53502285877966
4235.839843910359   39.6825242057516
4241.94335953559   38.88296194220497
4248.046875160821   41.00806678889072
4254.150390786052   44.05661471697009
4260.253906411283   36.66414401998469
4266.357422036514   39.97943870257053
4272.460937661745   37.59109547750306
4278.564453286976   34.03948736993465
4284.667968912207   39.39422119467477
4290.771484537438   30.30598931534363
4296.875000162669   37.11029003580038
4302.978515787901   42.48262503323139
4309.082031413132   33.06849772143926
4315.185547038363   40.45336408031042
4321.289062663594   40.12753658784425
4327.392578288825   43.28421466927494
4333.496093914056   43.0227604365378
4339.599609539287   43.86592985749851
4345.703125164518   42.06907312786184
4351.80664078975   44.27734076366107
4357.910156414981   44.3063105690549
4364.013672040212   40.13209703838936
4370.117187665443   43.35507651837966
4376.220703290674   43.71692842851474
4382.324218915905   42.04217796942528
4388.427734541136   39.5362854204845
4394.531250166367   45.67009903426306
4400.634765791598   38.14162473341469
4406.738281416829   44.49332874245837
4412.841797042061   46.15522139068808
4418.945312667292   43.70957359164866
4425.048828292523   35.48331707048811
4431.152343917754   43.14379392698289
4437.255859542985   41.96834531775988
4443.359375168216   44.73995301447819
4449.462890793447   48.20015144049206
4455.566406418678   42.48833031562677
4461.669922043909   43.14089645389716
4467.77343766914   49.09675827085125
4473.876953294371   49.31195576453892
4479.980468919602   48.14387505038111
4486.083984544833   47.052164444661
4492.187500170064   47.02130526562341
4498.291015795295   44.41896245098653
4504.394531420526   46.66449213242362
4510.498047045757   46.93568685317012
4516.601562670989   47.73951517343502
4522.70507829622   46.8437831353005
4528.808593921451   43.55114036416749
4534.912109546682   44.34665666759865
4541.015625171913   46.75560660045304
4547.119140797144   44.85095320413908
4553.222656422375   50.06147030843891
4559.326172047606   51.27063131133541
4565.429687672837   49.12992926119099
4571.533203298068   46.83970981385846
4577.636718923299   48.01371029209606
4583.74023454853   45.46450790129738
4589.843750173761   44.80881283196205
4595.947265798992   45.27895095767184
4602.050781424223   45.38472763200676
4608.154297049454   46.89251469875535
4614.257812674685   46.57054831277687
4620.361328299917   45.22293394140846
4626.464843925148   40.99502219581518
4632.568359550379   47.09151062583967
4638.67187517561   47.42727739267706
4644.775390800841   49.18806404373046
4650.878906426072   46.36949311700018
4656.982422051303   42.45299525968335
4663.085937676534   46.4083900475713
4669.189453301765   49.86725663731831
4675.292968926996   50.49388258047372
4681.396484552227   50.42664782513583
4687.500000177458   49.36922640601576
4693.603515802689   46.0496777313609
4699.70703142792   40.18490462719714
4705.810547053151   41.10920237982883
4711.914062678382   46.54662112802363
4718.017578303613   42.9224463505803
4724.121093928845   46.55975723669137
4730.224609554076   46.2326455866358
4736.328125179307   41.33559089555548
4742.431640804538   39.88628802381691
4748.535156429769   40.67000885145876
4754.638672055   42.59920793018176
4760.742187680231   39.16550849722326
4766.845703305462   41.67548308241476
4772.949218930693   41.65716408735844
4779.052734555924   40.08510950345656
4785.156250181155   36.63791794635448
4791.259765806386   39.93742597568347
4797.363281431617   42.51174058603605
4803.466797056848   39.74360433013889
4809.570312682079   42.80276155926632
4815.67382830731   42.66685646250317
4821.777343932541   41.57593769915336
4827.880859557773   39.20817341969102
4833.984375183004   38.28737997245149
4840.087890808235   42.9629717706777
4846.191406433466   40.60879848300713
4852.294922058697   41.64949036301038
4858.398437683928   42.73671754280846
4864.501953309159   44.08031634136787
4870.60546893439   38.92905980869804
4876.708984559621   35.60321176875037
4882.812500184852   41.21340426368364
4888.916015810083   37.4847865359614
4895.019531435314   36.12504818748459
4901.123047060545   38.64831565915382
4907.226562685776   41.55027050206655
4913.330078311007   41.51503158491097
4919.433593936238   41.12549570872516
4925.537109561469   34.9292442693616
4931.640625186701   42.81067867121684
4937.744140811932   44.36716769708504
4943.847656437163   40.30103835839795
4949.951172062394   35.498482269334
4956.054687687625   39.59647659344722
4962.158203312856   38.10065340273625
4968.261718938087   44.63653551887732
4974.365234563318   42.12060131824953
4980.468750188549   34.89828849162301
4986.57226581378   38.64163301706171
4992.675781439011   41.83302819288863
4998.779297064242   45.05705601121902
5004.882812689473   39.42566641554725
5010.986328314704   40.46172003547515
5017.089843939935   41.46016331652443
5023.193359565166   44.17392527262986
5029.296875190397   34.77755848484798
5035.400390815629   39.71668417147277
5041.50390644086   42.92137825325844
5047.607422066091   42.52074302062474
5053.710937691322   29.81763560458067
5059.814453316553   40.12249486375826
5065.917968941784   44.68797546614944
5072.021484567015   44.441516462484
5078.125000192246   40.84415096340462
5084.228515817477   38.71380631014068
5090.332031442708   41.2891278436577
5096.435547067939   39.24524706060309
5102.53906269317   37.4962043638503
5108.642578318401   40.12795097029609
5114.746093943632   42.3236275675643
5120.849609568863   42.8350071547353
5126.953125194094   44.95266616521774
5133.056640819325   45.75754408971142
5139.160156444557   44.1234149945753
5145.263672069788   41.60366182562687
5151.367187695019   42.36603996881472
5157.47070332025   46.89127110995339
5163.574218945481   42.87981709786548
5169.677734570712   41.58615130045831
5175.781250195943   44.61968697122604
5181.884765821174   39.02973744800178
5187.988281446405   36.60365487614536
5194.091797071636   40.76042720656187
5200.195312696867   38.54868993818096
5206.298828322098   40.23722362467018
5212.402343947329   41.64036913230051
5218.50585957256   38.31488706533597
5224.609375197791   44.2682789062071
5230.712890823022   43.4641198431007
5236.816406448253   44.17168563970357
5242.919922073485   40.90243859236288
5249.023437698716   37.15609424885378
5255.126953323947   44.43212925734897
5261.230468949178   45.32869828834076
5267.333984574409   38.82446694827177
5273.43750019964   41.12723338036734
5279.541015824871   43.4124822009088
5285.644531450102   39.54344082530609
5291.748047075333   39.26212911691527
5297.851562700565   40.94183209760929
5303.955078325796   42.0908065581751
5310.058593951027   46.8966609730646
5316.162109576258   41.45000052356939
5322.265625201489   40.93108614071117
5328.36914082672   36.55357189369279
5334.472656451951   42.19823740932999
5340.576172077182   39.7262260852751
5346.679687702414   44.88179624499257
5352.783203327645   35.36917913100658
5358.886718952876   46.43533651353146
5364.990234578107   47.20755289685009
5371.093750203338   44.24731536948792
5377.197265828569   42.48352604874719
5383.3007814538   46.41298970339988
5389.404297079031   44.85423628020701
5395.507812704262   47.69204569861562
5401.611328329493   45.84980520178893
5407.714843954724   40.50924540589968
5413.818359579955   42.4037777688964
5419.921875205186   40.88056957403327
5426.025390830417   37.61603188580057
5432.128906455648   43.51959215900607
5438.232422080879   44.5058900151255
5444.33593770611   40.43964541613769
5450.439453331342   41.73743434083156
5456.542968956573   40.35512865981089
5462.646484581804   42.65536690418951
5468.750000207035   44.3656031639138
5474.853515832266   42.98990373210546
5480.957031457497   41.0680429053098
5487.060547082728   47.21167144602209
5493.164062707959   48.52442414738994
5499.26757833319   43.02533777829844
5505.371093958421   45.08123729608467
5511.474609583652   43.64579858792673
5517.578125208883   38.52889225456156
5523.681640834114   41.10839695514169
5529.785156459345   37.23824869166286
5535.888672084576   36.44943746343388
5541.992187709807   41.9463001404104
5548.095703335038   43.87614887808743
5554.19921896027   43.30742777596168
5560.302734585501   36.45948088342514
5566.406250210732   43.94084965023989
5572.509765835963   44.37623277329901
5578.613281461194   43.7712685602033
5584.716797086425   43.01494924198407
5590.820312711656   43.60863821156134
5596.923828336887   43.39098305619689
5603.027343962118   46.37562342728857
5609.130859587349   49.02426733900921
5615.23437521258   47.16560362613707
5621.337890837811   40.64133512666334
5627.441406463042   42.70546846148787
5633.544922088273   39.34239379667498
5639.648437713504   42.94709682898184
5645.751953338735   42.42174396099153
5651.855468963966   39.98870609908878
5657.958984589198   43.03860875899372
5664.062500214429   42.8459989220818
5670.16601583966   37.54633837869037
5676.269531464891   45.23982475113074
5682.373047090122   41.44728365187263
5688.476562715353   41.71480498919613
5694.580078340584   44.8117247666648
5700.683593965815   40.55037713622836
5706.787109591046   45.97340073661726
5712.890625216277   45.057529820024
5718.994140841508   39.17806224603967
5725.097656466739   41.43875657920832
5731.20117209197   40.98722132394569
5737.304687717201   47.49616795092544
5743.408203342432   49.32453955898706
5749.511718967663   48.81644450105648
5755.615234592894   45.76720999254833
5761.718750218126   43.86188483044025
5767.822265843357   39.4920309055651
5773.925781468588   42.31638644882781
5780.029297093819   43.9776594070348
5786.13281271905   41.93323762087623
5792.236328344281   43.09677915156377
5798.339843969512   43.18970853406953
5804.443359594743   44.49662441756939
5810.546875219974   41.71456086401327
5816.650390845205   37.0827283169175
5822.753906470436   41.94691332974021
5828.857422095667   48.0259318129736
5834.960937720898   46.53573863035791
5841.064453346129   42.94257289462248
5847.16796897136   43.91740198955493
5853.271484596591   45.88356620444056
5859.375000221822   45.89421461857761
5865.478515847054   46.53910945965497
5871.582031472285   43.72304291251663
5877.685547097516   43.71419313400838
5883.789062722747   42.08769373903056
5889.892578347978   43.07111464084144
5895.996093973209   41.74159918928555
5902.09960959844   45.47443348888067
5908.203125223671   44.77766426305909
5914.306640848902   40.9551209458827
5920.410156474133   43.643490947103
5926.513672099364   47.19356133716116
5932.617187724595   49.95805809393107
5938.720703349826   46.25539131295565
5944.824218975057   41.80640613657901
5950.927734600288   49.73374016028438
5957.031250225519   52.80064107265459
5963.13476585075   47.23779792923906
5969.238281475982   41.18495659477635
5975.341797101213   41.87555530182195
5981.445312726444   41.49546705104036
5987.548828351675   44.09359823917195
5993.652343976906   47.6739950465375
5999.755859602137   47.28422919473551
6005.859375227368   46.07129701793207
6011.962890852599   40.635606758391
6018.06640647783   44.59400166227947
6024.169922103061   41.19540145097751
6030.273437728292   41.04055141394456
6036.376953353523   44.96653909594198
6042.480468978754   38.62873576679463
6048.583984603985   40.23817971619491
6054.687500229216   43.47412726391995
6060.791015854447   44.81928708192761
6066.894531479678   44.57150715875297
6072.99804710491   44.74860110972923
6079.101562730141   41.87396424072742
6085.205078355372   43.37905367146504
6091.308593980603   46.82146780653152
6097.412109605834   46.65351035947272
6103.515625231065   42.28179632184347
6109.619140856296   41.96197975773082
6115.722656481527   45.43426062828522
6121.826172106758   42.60821852366259
6127.929687731989   42.10896097389501
6134.03320335722   41.91408602850026
6140.136718982451   41.7088664086866
6146.240234607682   42.47884330720369
6152.343750232913   39.93771804813208
6158.447265858144   46.89801581438697
6164.550781483375   43.23060979079935
6170.654297108606   46.83286345868935
6176.757812733838   44.39736162421566
6182.861328359069   45.63651404348417
6188.9648439843   46.37068377369428
6195.068359609531   45.82848572291753
6201.171875234762   41.04156108634171
6207.275390859993   42.89251122737956
6213.378906485224   45.45895981600766
6219.482422110455   43.23936290348408
6225.585937735686   37.94198881408449
6231.689453360917   41.0187813227114
6237.792968986148   41.62724385976695
6243.896484611379   39.52600747250911
6250.000000236611   42.75453016549525
6256.103515861842   40.69531247493887
6262.207031487073   42.2915576905926
6268.310547112304   44.03535457436839
6274.414062737535   42.08372933849141
6280.517578362766   42.43560981070186
6286.621093987997   45.60929545780219
6292.724609613228   48.20039415080008
6298.82812523846   43.44524286476443
6304.931640863691   42.62730163278113
6311.035156488922   45.19747959497196
6317.138672114153   48.54208380031303
6323.242187739384   49.02393702275994
6329.345703364615   46.34169410458331
6335.449218989846   42.27522644102318
6341.552734615077   44.35903881328238
6347.656250240308   44.64709037858942
6353.759765865539   46.0115896812458
6359.86328149077   44.25630539634959
6365.966797116001   40.82368076475325
6372.070312741232   40.80703938990255
6378.173828366463   44.53937356044305
6384.277343991695   45.43194329357839
6390.380859616926   44.50329472380817
6396.484375242157   38.46629098970525
6402.587890867388   37.6373031406463
6408.691406492619   37.94928705224024
6414.79492211785   37.46496606307994
6420.898437743081   38.3603245053945
6427.001953368312   36.08787083760551
6433.105468993543   29.58406260648024
6439.208984618774   34.61533969394616
6445.312500244005   32.95882726628493
6451.416015869236   39.68442170274975
6457.519531494467   43.5024101849711
6463.623047119698   41.70901777136591
6469.726562744929   39.99842242094468
6475.83007837016   40.96884544145218
6481.933593995391   39.9504028656779
6488.037109620623   46.58559411831396
6494.140625245854   46.14147072896731
6500.244140871085   41.62030663812357
6506.347656496316   44.53649452378988
6512.451172121547   43.98037867272113
6518.554687746778   43.5167141920978
6524.658203372009   41.7426015470643
6530.76171899724   44.79328361050456
6536.865234622471   45.53594996947644
6542.968750247702   42.15860856579339
6549.072265872933   41.33499874831742
6555.175781498164   40.17447585879876
6561.279297123395   44.16491980362716
6567.382812748626   43.71008574186951
6573.486328373857   39.56507850224556
6579.589843999088   46.95514328181251
6585.693359624319   45.63540870198254
6591.796875249551   46.16304997385467
6597.900390874782   42.48630309420916
6604.003906500013   40.7874787121921
6610.107422125244   40.22366945448259
6616.210937750475   39.10881773486331
6622.314453375706   39.81788913781073
6628.417969000937   44.66867985629622
6634.521484626168   46.80143284170572
6640.625000251399   37.44562562531198
6646.72851587663   35.72897935065257
6652.832031501861   31.9035227300775
6658.935547127092   43.50495876804023
6665.039062752323   41.2472536896501
6671.142578377554   33.97321036871964
6677.246094002785   41.91305351806535
6683.349609628016   41.62692903847485
6689.453125253247   35.8455655975358
6695.556640878479   43.06546860766883
6701.66015650371   42.82395074217814
6707.763672128941   43.79343895479686
6713.867187754172   39.98629892430105
6719.970703379403   44.31838044321054
6726.074219004634   48.33808697752387
6732.177734629865   47.25389917935878
6738.281250255096   42.45563285813328
6744.384765880327   41.16915472377479
6750.488281505558   37.99891353026715
6756.591797130789   42.65568973470153
6762.69531275602   44.69766562126667
6768.798828381251   38.74370796706206
6774.902344006482   42.36110092303852
6781.005859631713   42.25401596988445
6787.109375256944   44.08179911574778
6793.212890882175   40.27690897287527
6799.316406507407   41.06511674998109
6805.419922132638   45.68228491475536
6811.523437757869   43.40026722252729
6817.6269533831   37.82740861609861
6823.730469008331   36.13898002636161
6829.833984633562   39.22015536447805
6835.937500258793   44.81481092655719
6842.041015884024   46.28566976699703
6848.144531509255   43.05579056470216
6854.248047134486   35.20627626405837
6860.351562759717   41.18479530579548
6866.455078384948   43.06229507397086
6872.558594010179   46.47416902038603
6878.66210963541   45.47412597173921
6884.765625260641   41.55055633863132
6890.869140885872   41.18920356208343
6896.972656511103   46.06756114600518
6903.076172136335   47.02810342882564
6909.179687761566   43.33803608488729
6915.283203386797   39.94558452345693
6921.386719012028   38.76241823961708
6927.490234637259   43.35802456951409
6933.59375026249   43.84029798436554
6939.697265887721   41.81117249870822
6945.800781512952   38.71000772913617
6951.904297138183   40.82707703195431
6958.007812763414   41.40926614367802
6964.111328388645   34.3721783489062
6970.214844013876   44.40887564453661
6976.318359639107   45.50766280608927
6982.421875264338   40.59818353830953
6988.525390889569   42.30108577620626
6994.6289065148   40.18167692876597
7000.732422140031   47.45419660111168
7006.835937765263   43.78886066708461
7012.939453390494   40.76588304156097
7019.042969015725   38.31468306339056
7025.146484640956   40.80662237374446
7031.250000266187   39.08682833362707
7037.353515891418   40.65885933470394
7043.457031516649   38.22335735587187
7049.56054714188   35.23063131712383
7055.664062767111   40.58359573186117
7061.767578392342   44.83565038967073
7067.871094017573   43.67665563277591
7073.974609642804   40.62858043450188
7080.078125268035   45.61982257161879
7086.181640893266   43.80720726842844
7092.285156518497   37.50890744760127
7098.388672143728   40.47580175463892
7104.492187768959   41.2860728558846
7110.595703394191   41.74403574646972
7116.699219019422   36.08041692148709
7122.802734644653   33.91950280438338
7128.906250269884   33.59142305385889
7135.009765895115   34.00240033936491
7141.113281520346   38.97062709833637
7147.216797145577   40.49443097821975
7153.320312770808   38.6663423164912
7159.423828396039   40.31841826953902
7165.52734402127   40.91966790136339
7171.630859646501   40.43523768014524
7177.734375271732   38.7791877169272
7183.837890896963   40.26775559880804
7189.941406522194   41.32060933644549
7196.044922147425   41.84450688555251
7202.148437772657   42.49607194521139
7208.251953397888   41.67371170860608
7214.355469023119   38.78886602752788
7220.45898464835   42.9938334449531
7226.562500273581   43.64983489886406
7232.666015898812   39.92729885826494
7238.769531524043   37.66878794037835
7244.873047149274   38.37109328686732
7250.976562774506   41.95191574199001
7257.080078399737   35.20994249069452
7263.183594024968   36.20774193498845
7269.287109650199   34.62265587053803
7275.39062527543   40.26914575065888
7281.494140900661   40.13257362376677
7287.597656525892   38.18950144098936
7293.701172151123   41.04122195051804
7299.804687776354   43.53819489252555
7305.908203401585   43.97488889849883
7312.011719026816   41.86933658604372
7318.115234652048   40.69904160287608
7324.218750277279   44.17873501403029
7330.32226590251   39.18317652680413
7336.425781527741   44.15801593043184
7342.529297152972   41.73219018952231
7348.632812778203   39.46269287462907
7354.736328403434   45.77434449483481
7360.839844028665   46.84779906639631
7366.943359653896   44.71334658002213
7373.046875279127   43.39695675466821
7379.150390904358   39.60462857131593
7385.253906529589   40.48250562893954
7391.35742215482   40.32399628601993
7397.460937780051   43.48740197790403
7403.564453405282   42.91730508681418
7409.667969030513   45.77100675027118
7415.771484655744   39.8684616711659
7421.875000280976   41.70595791671265
7427.978515906207   34.22204778368395
7434.082031531438   37.59259980590479
7440.185547156669   38.55979995946356
7446.2890627819   39.78336201076262
7452.392578407131   41.71832372537102
7458.496094032362   44.72621046675914
7464.599609657593   41.2292420821558
7470.703125282824   35.56394846457758
7476.806640908055   36.30624312749553
7482.910156533286   40.50770946786849
7489.013672158517   42.36648968574219
7495.117187783748   43.87381415492563
7501.220703408979   44.28984401894429
7507.32421903421   44.25763104079724
7513.427734659441   44.61232980099619
7519.531250284672   30.40405357801204
7525.634765909904   42.23463321411823
7531.738281535135   37.01659769879168
7537.841797160366   36.59705176499724
7543.945312785597   35.84154053023431
7550.048828410828   38.99903085433101
7556.152344036059   39.41406865817564
7562.25585966129   42.23453697579194
7568.359375286521   38.854258414203
7574.462890911752   30.80355188308435
7580.566406536983   33.58349866862116
7586.669922162214   44.53238393219618
7592.773437787445   43.45964764780381
7598.876953412676   39.97630792612026
7604.980469037907   40.49008891631445
7611.083984663138   41.07025651765206
7617.187500288369   41.42203338600673
7623.2910159136   41.1466156760614
7629.394531538832   42.08659309259468
7635.498047164063   39.54453453715023
7641.601562789294   37.10163930103446
7647.705078414525   43.12590984857364
7653.808594039756   43.12425208002281
7659.912109664987   45.14991366328018
7666.015625290218   45.05686365357074
7672.119140915449   39.38102193016093
7678.22265654068   35.9989582971744
7684.326172165911   45.51844780183097
7690.429687791142   47.76464530597629
7696.533203416373   40.54728430586481
7702.636719041604   32.91092335036889
7708.740234666835   34.9380882072534
7714.843750292066   36.22709031113761
7720.947265917297   32.72792329900756
7727.050781542528   43.27008982051608
7733.15429716776   43.25675376843733
7739.257812792991   41.62415070471945
7745.361328418222   42.29505422178946
7751.464844043453   41.96057773685822
7757.568359668684   42.13681209890829
7763.671875293915   43.413018595245
7769.775390919146   44.18850881022713
7775.878906544377   32.07346365587589
7781.982422169608   44.03625796136441
7788.085937794839   44.03692888664474
7794.18945342007   38.94116415682367
7800.292969045301   42.62019031289955
7806.396484670532   42.37803755684843
7812.500000295763   40.60824568901184
7818.603515920994   40.61306899066371
7824.707031546225   42.67593501145296
7830.810547171456   40.12165089948431
7836.914062796688   41.91400432217883
7843.017578421919   41.62102485501077
7849.12109404715   37.48800412416769
7855.224609672381   36.95742277742477
7861.328125297612   41.82382309454098
7867.431640922843   42.49298974394257
7873.535156548074   41.04400469127854
7879.638672173305   43.38126850785132
7885.742187798536   44.49874197515297
7891.845703423767   38.21163896886014
7897.949219048998   41.89214636035526
7904.052734674229   41.76975538417652
7910.15625029946   45.92909097065914
7916.259765924691   42.76359184957087
7922.363281549922   38.789103084434
7928.466797175153   43.78097664010923
7934.570312800384   42.22556439303439
7940.673828425616   39.13262653582593
7946.777344050847   32.62479988866416
7952.880859676078   36.11421509400388
7958.984375301309   40.31483161408622
7965.08789092654   41.60998820758834
7971.191406551771   37.75962732100918
7977.294922177002   34.12467625708916
7983.398437802233   40.97407862790377
7989.501953427464   41.15062370557446
7995.605469052695   40.99123819113635
8001.708984677926   41.93904994083796
8007.812500303157   44.17346941338646
8013.916015928388   41.70348713539897
8020.019531553619   41.26142169159601
8026.12304717885   43.71000684233696
8032.226562804081   38.61142149386997
8038.330078429312   44.69177816568515
8044.433594054544   43.21343653573984
8050.537109679775   43.15838417930366
8056.640625305006   41.30962255531318
8062.744140930237   35.81369999754251
8068.847656555468   41.56118235382854
8074.951172180699   43.5338932823995
8081.05468780593   39.64308521966529
8087.158203431161   38.6422904144023
8093.261719056392   35.93196268592781
8099.365234681623   35.27145919553188
8105.468750306854   40.78686769480637
8111.572265932085   40.60514722374979
8117.675781557316   39.58927497352232
8123.779297182547   42.9486107142513
8129.882812807778   46.57741245984833
8135.986328433009   43.83547374099497
8142.08984405824   37.92730326786364
8148.193359683472   36.06461551618715
8154.296875308703   40.63747461572536
8160.400390933934   41.02342868650923
8166.503906559165   40.88279670927756
8172.607422184396   40.19588900719405
8178.710937809627   45.46844826450103
8184.814453434858   42.35940417343825
8190.917969060089   42.57551860624574
8197.021484685321   39.94010830033795
8203.125000310552   41.18575505170077
8209.228515935783   39.6541705863681
8215.332031561014   40.53969235825686
8221.435547186245   39.89686801607245
8227.539062811476   38.01162021097485
8233.642578436707   40.92811238987046
8239.746094061938   41.90693409854336
8245.84960968717   45.0020850282985
8251.953125312401   45.15939231920441
8258.056640937632   42.83424842169305
8264.160156562863   39.18123470054822
8270.263672188094   37.74591815545454
8276.367187813325   38.83576672820027
8282.470703438556   41.42005157299365
8288.574219063787   35.32406338675378
8294.677734689018   36.92530200503104
8300.781250314249   31.99756186362095
8306.88476593948   37.27599611625921
8312.988281564711   38.4714225663815
8319.091797189942   34.94650926442182
8325.195312815173   35.04001170424159
8331.298828440404   38.77328396638215
8337.402344065635   36.95624208854998
8343.505859690866   36.39132991428738
8349.609375316097   33.18698843643797
8355.712890941328   41.05215323436844
8361.816406566559   41.3572739580504
8367.91992219179   45.10473703359185
8374.023437817021   42.914043433896
8380.126953442252   37.09348901827084
8386.230469067483   36.39414103040379
8392.333984692714   37.94955049037993
8398.437500317945   41.79789283439079
8404.541015943178   40.83799110044794
8410.644531568409   38.57106511390307
8416.74804719364   40.76072590821592
8422.851562818871   39.78687061369095
8428.955078444102   38.96630118857405
8435.058594069333   41.64446564513345
8441.162109694564   42.3081520192452
8447.265625319795   37.14224287453109
8453.369140945026   40.94826498206964
8459.472656570257   40.2260996757535
8465.576172195488   39.93511028747446
8471.679687820719   40.20580343694775
8477.78320344595   37.08096603200894
8483.886719071181   40.52866113542356
8489.990234696412   39.74128925944042
8496.093750321643   32.89111144921718
8502.197265946874   33.82466034903666
8508.300781572105   35.53503301456801
8514.404297197336   32.29738841015092
8520.507812822567   40.3632024736098
8526.611328447798   37.65534138052141
8532.714844073029   40.82385114140013
8538.81835969826   39.45211641168338
8544.921875323491   39.97856148545623
8551.025390948722   35.8657695732816
8557.128906573953   44.61272791945009
8563.232422199184   45.35004945131934
8569.335937824415   40.63522202714537
8575.439453449646   39.65774374069517
8581.542969074877   36.37137370790563
8587.646484700108   41.13364454189142
8593.750000325339   41.86653857933913
8599.85351595057   44.05866017155159
8605.957031575801   44.66040317084214
8612.060547201034   42.84643463751118
8618.164062826265   39.80486845076665
8624.267578451496   27.13858101312047
8630.371094076727   37.41322706883663
8636.474609701958   34.07431771634752
8642.578125327189   41.35004422144999
8648.68164095242   41.27082434747646
8654.785156577651   37.41374147989275
8660.888672202882   37.48057687121099
8666.992187828113   36.90163688387733
8673.095703453344   31.96480812887488
8679.199219078575   41.48906823393581
8685.302734703806   42.31994823427436
8691.406250329037   39.51216796157594
8697.509765954268   40.40162035438614
8703.613281579499   36.32017557267335
8709.71679720473   39.29059397788954
8715.820312829961   39.32471946634773
8721.923828455192   40.40145257790946
8728.027344080423   40.57001563351734
8734.130859705654   44.83866938605672
8740.234375330885   45.3851811153809
8746.337890956116   40.78361705716301
8752.441406581347   37.38311110925948
8758.544922206578   40.29744850521556
8764.648437831809   39.52214495307208
8770.75195345704   45.98438858087275
8776.855469082271   41.78768606123284
8782.958984707502   35.6129482864477
8789.062500332733   38.00573199682917
8795.166015957964   41.42538307633061
8801.269531583195   41.59004686206502
8807.373047208426   39.34255749293666
8813.476562833657   41.58907737840103
8819.58007845889   40.36397238039114
8825.683594084121   30.74818058479617
8831.787109709352   35.01586942047093
8837.890625334583   36.52474901084974
8843.994140959814   34.06597709539276
8850.097656585045   33.94015584282702
8856.201172210276   38.27211167844525
8862.304687835507   37.39027302076525
8868.408203460738   38.3236827945565
8874.511719085969   39.59873900864559
8880.6152347112   41.44949832428048
8886.718750336431   40.83413910665784
8892.822265961662   34.98518624716132
8898.925781586893   39.13456954110772
8905.029297212124   34.58170950577729
8911.132812837355   38.78320034584726
8917.236328462586   41.93041944391821
8923.339844087817   34.96251188367538
8929.443359713048   39.53815675973674
8935.546875338279   38.35289813568394
8941.65039096351   37.48584768293914
8947.753906588741   41.37690761943699
8953.857422213972   36.27299593400389
8959.960937839203   36.15728362850693
8966.064453464434   31.30412238458704
8972.167969089665   31.97597161164612
8978.271484714896   36.87374467635166
8984.375000340127   40.53712231939159
8990.478515965358   32.01926220950563
8996.582031590589   38.94094129706844
9002.68554721582   36.86044053107486
9008.789062841051   34.49383992691625
9014.892578466282   37.11520176974555
9020.996094091513   39.30664381818507
9027.099609716746   36.01926275144491
9033.203125341977   27.96599979033882
9039.306640967208   36.78294429214421
9045.410156592439   40.64952335714401
9051.51367221767   26.58013083375431
9057.617187842901   37.03556859369494
9063.720703468132   38.66609359394447
9069.824219093363   27.43165194158301
9075.927734718594   34.93333594532957
9082.031250343825   41.45382388993348
9088.134765969056   41.43015425178933
9094.238281594287   38.3165106350062
9100.341797219518   43.58074219214744
9106.445312844749   39.16710258014633
9112.54882846998   40.12999977202067
9118.652344095211   42.15770888160219
9124.755859720442   38.59058059901179
9130.859375345673   37.8512860696263
9136.962890970904   37.12410471516903
9143.066406596135   33.93025809295627
9149.169922221367   36.90276410261072
9155.273437846598   40.57028151404548
9161.376953471829   40.24832369612376
9167.48046909706   36.82366478725658
9173.583984722291   35.31029216065224
9179.687500347522   36.67695498697869
9185.791015972753   36.50486958436993
9191.894531597984   35.57469800220602
9197.998047223215   40.01155274677998
9204.101562848446   40.5518014075019
9210.205078473677   32.48102599931654
9216.308594098908   38.65680220410692
9222.412109724139   41.04890538285539
9228.51562534937   37.77828942279947
9234.619140974602   35.0941966613488
9240.722656599833   36.42710252203764
9246.826172225065   40.00146382376053
9252.929687850296   39.76405471077629
9259.033203475527   40.08958254399886
9265.136719100758   37.38444485673872
9271.240234725989   34.60736704287545
9277.34375035122   39.52509934317769
9283.447265976451   37.22026583165308
9289.550781601682   39.31576025913416
9295.654297226913   41.74324855128628
9301.757812852144   42.28142382559052
9307.861328477375   38.61133008618508
9313.964844102606   33.70015273114665
9320.068359727837   35.93062932137499
9326.171875353068   35.76504452143948
9332.275390978299   36.09898494360156
9338.37890660353   34.66374813833279
9344.482422228761   29.5476252402099
9350.585937853992   39.61283285933722
9356.689453479223   39.69188092078147
9362.792969104454   35.39531138246404
9368.896484729685   40.65674345338589
9375.000000354916   37.80681033743691
9381.103515980147   33.96017435434468
9387.207031605378   35.79570305064914
9393.310547230609   39.61868541199006
9399.41406285584   35.76332432128721
9405.517578481071   39.76355510701871
9411.621094106302   42.37031294584837
9417.724609731533   41.87819641877433
9423.828125356764   38.2964417152274
9429.931640981995   36.8834233883978
9436.035156607226   41.97643853367531
9442.138672232459   41.82015946396785
9448.24218785769   39.25275451400166
9454.345703482921   41.27358277981288
9460.449219108152   34.40850618056792
9466.552734733383   35.85886526450232
9472.656250358614   39.72395144347648
9478.759765983845   38.86883238462041
9484.863281609076   37.19292628390384
9490.966797234307   41.44584342612517
9497.070312859538   38.54559019327952
9503.173828484769   39.17857457143857
9509.27734411   41.35905238684182
9515.380859735231   34.83150411308942
9521.484375360462   31.4245481684263
9527.587890985693   36.63235465438981
9533.691406610924   41.9931472975859
9539.794922236155   41.80430878165338
9545.898437861386   35.11940716204166
9552.001953486617   37.42700145613319
9558.105469111848   38.87523161928021
9564.208984737079   44.43215339099947
9570.31250036231   42.50315301177558
9576.416015987541   41.94914713046333
9582.519531612772   38.24794263529797
9588.623047238003   36.36001200826163
9594.726562863234   34.90027789807981
9600.830078488465   39.26534759336923
9606.933594113696   36.66605571777911
9613.037109738927   38.21113908432498
9619.140625364158   39.82630787761022
9625.244140989389   38.49225169450606
9631.34765661462   34.87352449858231
9637.451172239851   34.91654827593586
9643.554687865082   34.01324666310089
9649.658203490315   36.04598184962313
9655.761719115546   34.71741313730331
9661.865234740777   39.69883539973029
9667.968750366008   43.43470210029751
9674.072265991239   41.73404099382083
9680.17578161647   36.08399016718201
9686.279297241701   37.00199811591797
9692.382812866932   41.88983565135934
9698.486328492163   41.38201618475073
9704.589844117394   39.63928672016304
9710.693359742625   35.83407181105771
9716.796875367856   36.06604624459999
9722.900390993087   36.75180301580998
9729.003906618318   35.2632277894657
9735.107422243549   36.56995896674448
9741.21093786878   40.35195478820719
9747.314453494011   36.79339103107311
9753.417969119242   35.02227878612152
9759.521484744473   33.56795109278473
9765.625000369704   35.5930491965717
9771.728515994935   41.37280714132469
9777.832031620166   38.91076818901745
9783.935547245397   32.76119371194907
9790.039062870628   40.85672110325262
9796.142578495859   38.6929309198455
9802.24609412109   34.2612825875015
9808.349609746321   35.92087227174597
9814.453125371552   39.41674237258665
9820.556640996783   39.75006226294675
9826.660156622014   36.22323764281785
9832.763672247245   40.3047616503959
9838.867187872476   37.03710657196692
9844.970703497707   36.13496785140831
9851.074219122938   38.32273483410818
9857.177734748171   34.25025680580181
9863.281250373402   23.1145981228227
9869.384765998633   27.36861301722417
9875.488281623864   32.06959899503196
9881.591797249095   39.01309478039414
9887.695312874326   38.98892479102588
9893.798828499557   36.53455946839456
9899.902344124788   36.80650526129628
9906.005859750019   38.70239169714718
9912.10937537525   34.06662897725477
9918.212891000481   35.90603954852381
9924.316406625712   39.91730514658786
9930.419922250943   37.96259053154694
9936.523437876174   37.84882383134426
9942.626953501405   40.60601840667261
9948.730469126636   36.77409917260027
9954.833984751867   32.95314874474543
9960.937500377098   33.90860905721941
9967.041016002329   36.74997525435075
9973.14453162756   36.98040396462721
9979.248047252791   38.17443481959213
9985.351562878022   41.77318584270053
9991.455078503253   39.72067807368435
9997.558594128484   34.68794079157747
10003.66210975372   37.57857118491791
10009.76562537895   34.01713946567683
10015.86914100418   38.54902495400641
10021.97265662941   41.14779512526567
10028.07617225464   40.83620866735721
10034.17968787987   36.87292390373297
10040.2832035051   38.42424976913498
10046.38671913033   39.88785732327783
10052.49023475556   41.76207802429528
10058.59375038079   40.65101320141209
10064.69726600603   37.12303659038916
10070.80078163126   33.92124878685292
10076.90429725649   36.36972249397808
10083.00781288172   36.36321123912766
10089.11132850695   33.35282687584743
10095.21484413218   34.64792644126176
10101.31835975741   23.60624216560213
10107.42187538264   34.57413084713097
10113.52539100788   37.57378480502291
10119.62890663311   37.44073715260176
10125.73242225834   40.49533256361787
10131.83593788357   38.09822927261946
10137.9394535088   35.11595810866005
10144.04296913403   36.32073846288289
10150.14648475926   31.59553014993334
10156.25000038449   31.74995626967156
10162.35351600972   33.12634300088629
10168.45703163495   28.41457276098066
10174.56054726019   37.18588643649439
10180.66406288542   35.28076718972134
10186.76757851065   32.86279010962329
10192.87109413588   30.81148363072859
10198.97460976111   32.62522631887737
10205.07812538634   37.21548165904621
10211.18164101157   34.25984376583294
10217.2851566368   33.11613950058164
10223.38867226203   36.21115285628789
10229.49218788726   39.10416004022736
10235.5957035125   39.03641046012801
10241.69921913773   35.71976983377488
10247.80273476296   38.5232497109364
10253.90625038819   43.11749889628793
10260.00976601342   41.16092341408427
10266.11328163865   37.79744271717832
10272.21679726388   36.10783524704485
10278.32031288911   38.57960686619902
10284.42382851435   32.37951850175246
10290.52734413958   32.83266273460627
10296.63085976481   33.60141003519056
10302.73437539004   37.278152643635
10308.83789101527   41.20684951290141
10314.9414066405   40.02591527952163
10321.04492226573   39.99563028585099
10327.14843789096   37.72984143074387
10333.25195351619   35.17684614216797
10339.35546914142   41.44355702641668
10345.45898476666   39.07984250544856
10351.56250039189   39.45758858081191
10357.66601601712   41.12383438278619
10363.76953164235   38.03711390236488
10369.87304726758   29.38457651655323
10375.97656289281   33.5740700253377
10382.08007851804   34.16658077934844
10388.18359414327   40.75087540835644
10394.2871097685   35.64099863057969
10400.39062539373   38.16050072722224
10406.49414101897   40.18319244802501
10412.5976566442   36.28266090209455
10418.70117226943   36.25773727876952
10424.80468789466   33.8782021022822
10430.90820351989   34.56685268131017
10437.01171914512   39.5209075863511
10443.11523477035   40.62358896059993
10449.21875039558   38.36530126976458
10455.32226602081   35.02991201859754
10461.42578164604   37.11966353944604
10467.52929727128   33.01037492927478
10473.63281289651   32.85232962204078
10479.73632852174   36.09867102877622
10485.83984414697   37.94468536117833
10491.9433597722   36.48169536138926
10498.04687539743   31.79912991396385
10504.15039102266   29.17914382135019
10510.25390664789   34.19270485556366
10516.35742227313   23.08347540824889
10522.46093789836   34.0566433508702
10528.56445352359   22.07534168901084
10534.66796914882   28.2444885805001
10540.77148477405   34.48707047778154
10546.87500039928   34.49518186002332
10552.97851602451   36.04431355657738
10559.08203164974   34.74588030020256
10565.18554727497   35.35061002220115
10571.2890629002   35.99260914910532
10577.39257852544   36.91496855229082
10583.49609415067   39.09981415945673
10589.5996097759   37.67949769924811
10595.70312540113   31.73951188580376
10601.80664102636   36.50105115337912
10607.91015665159   38.17472438903127
10614.01367227682   34.13214915019885
10620.11718790205   37.22151209034209
10626.22070352728   35.18330436284589
10632.32421915252   34.32273869927732
10638.42773477775   38.90591967047784
10644.53125040298   34.88334748702609
10650.63476602821   38.47437599246185
10656.73828165344   38.1170263490821
10662.84179727867   36.86957807098547
10668.9453129039   34.00040868552792
10675.04882852913   25.55606326651252
10681.15234415436   31.25021948867806
10687.2558597796   34.86403894606941
10693.35937540483   34.78007971189486
10699.46289103006   37.88014432289388
10705.56640665529   36.86081204802507
10711.66992228052   37.20361040849956
10717.77343790575   35.3053409573082
10723.87695353098   36.16261418655444
10729.98046915621   34.86465948898694
10736.08398478144   32.31074803157968
10742.18750040668   26.29245948499585
10748.29101603191   31.21855339537221
10754.39453165714   37.0810647511999
10760.49804728237   31.77284262675226
10766.6015629076   37.85411430171627
10772.70507853283   35.47849002227368
10778.80859415806   33.33948563220309
10784.91210978329   33.13461970532659
10791.01562540852   32.77260061449417
10797.11914103375   33.40373369732287
10803.22265665899   35.01967210701792
10809.32617228422   31.96048834174625
10815.42968790945   36.14745628806303
10821.53320353468   33.83506562525955
10827.63671915991   27.16075970786204
10833.74023478514   32.47120522785746
10839.84375041037   37.85675798236588
10845.9472660356   32.90854845838786
10852.05078166083   32.22912665631159
10858.15429728606   35.73129166111802
10864.2578129113   32.3986965932957
10870.36132853653   33.4003676285668
10876.46484416176   36.69096695497196
10882.56835978699   36.77520829400117
10888.67187541222   31.1965775453701
10894.77539103745   35.31091007482585
10900.87890666268   31.09704932579858
10906.98242228791   34.4469688675284
10913.08593791315   38.97374706981762
10919.18945353838   34.61065439437456
10925.29296916361   35.95553753366615
10931.39648478884   40.45455840515466
10937.50000041407   35.80423152736773
10943.6035160393   23.72075460244122
10949.70703166453   32.88818997460281
10955.81054728976   31.29330533530407
10961.91406291499   37.92711577548889
10968.01757854022   37.10398886053473
10974.12109416546   36.85063333873544
10980.22460979069   37.5225021004939
10986.32812541592   35.87961607844525
10992.43164104115   31.62362608783362
10998.53515666638   36.65061574530512
11004.63867229161   36.91917627388652
11010.74218791684   30.00597492135068
11016.84570354207   23.92699785959154
11022.9492191673   32.46238457668709
11029.05273479253   35.13263509460945
11035.15625041777   35.6458869250454
11041.259766043   34.53551657516613
11047.36328166823   36.70696438508226
11053.46679729346   40.17578225037131
11059.57031291869   35.70245983333438
11065.67382854392   32.77437794746294
11071.77734416915   39.23156780203044
11077.88085979438   29.7236672663069
11083.98437541961   31.66599112092509
11090.08789104484   36.04983877747688
11096.19140667008   37.01630784388834
11102.29492229531   35.62884654746803
11108.39843792054   29.3821925439776
11114.50195354577   37.53892638532083
11120.605469171   39.65794696128425
11126.70898479623   36.04716257284775
11132.81250042146   32.8730520657259
11138.91601604669   33.84203602265004
11145.01953167193   32.32016954659159
11151.12304729716   33.23550242662601
11157.22656292239   34.41844027878951
11163.33007854762   36.51997907960161
11169.43359417285   35.57254008980117
11175.53710979808   37.63942611814551
11181.64062542331   40.7493612777676
11187.74414104854   34.20928641886279
11193.84765667377   34.80390139095333
11199.951172299   38.07988753527083
11206.05468792424   30.88435161818108
11212.15820354947   34.69808849067974
11218.2617191747   34.312546760774
11224.36523479993   33.37590434701924
11230.46875042516   30.26374891792242
11236.57226605039   31.61135736713291
11242.67578167562   29.52672244127698
11248.77929730085   29.59987328485742
11254.88281292608   32.38994123439962
11260.98632855131   28.80229476099402
11267.08984417655   32.91975440670213
11273.19335980178   37.37626700431618
11279.29687542701   34.83151896985781
11285.40039105224   31.20932844952832
11291.50390667747   36.74567193026454
11297.6074223027   32.1021955996507
11303.71093792793   32.92104311612598
11309.81445355316   35.79637114391318
11315.9179691784   33.04517243269781
11322.02148480363   33.59136251337056
11328.12500042886   38.03892928263534
11334.22851605409   38.49845209543924
11340.33203167932   33.64774318208669
11346.43554730455   35.67522925105705
11352.53906292978   40.41056101228332
11358.64257855501   37.39077625959212
11364.74609418024   35.88160853125454
11370.84960980547   33.4278939264838
11376.95312543071   31.95160213419448
11383.05664105594   30.44278873275026
11389.16015668117   27.34366958285357
11395.2636723064   38.16005512568947
11401.36718793163   36.35548371916946
11407.47070355686   27.79326961173111
11413.57421918209   33.80138977331001
11419.67773480732   34.44304510337305
11425.78125043255   34.03233570753689
11431.88476605778   38.40267245047152
11437.98828168302   37.72817885796735
11444.09179730825   34.61632439193939
11450.19531293348   34.28281740235829
11456.29882855871   34.97617592243569
11462.40234418394   35.13814526716765
11468.50585980917   33.25498865902573
11474.6093754344   34.58922298127979
11480.71289105963   30.87594743488438
11486.81640668486   34.07194842920549
11492.91992231009   35.59385779016631
11499.02343793533   25.46831866677996
11505.12695356056   31.40085919925027
11511.23046918579   34.65561784396567
11517.33398481102   35.41887812090653
11523.43750043625   38.00220924168605
11529.54101606148   32.74564762999231
11535.64453168671   30.49988248886339
11541.74804731194   34.36973037257155
11547.85156293718   33.76759022884757
11553.95507856241   31.05278936623719
11560.05859418764   33.76377062059198
11566.16210981287   36.96326967132367
11572.2656254381   35.24835410580764
11578.36914106333   33.80357412457258
11584.47265668856   32.75889046361252
11590.57617231379   28.57416609486124
11596.67968793902   28.2742953214338
11602.78320356426   28.05423156697369
11608.88671918949   29.50650375196371
11614.99023481472   37.84309789835944
11621.09375043995   41.25604456050318
11627.19726606518   41.19383348573858
11633.30078169041   39.06388829900181
11639.40429731564   36.53620751739788
11645.50781294087   33.79801093223317
11651.6113285661   31.9356280226202
11657.71484419133   33.31876482742364
11663.81835981657   28.49599765810543
11669.9218754418   36.39490998259995
11676.02539106703   39.02685795531352
11682.12890669226   37.49732702104498
11688.23242231749   36.75255455211461
11694.33593794272   32.48890198556347
11700.43945356795   31.10686654338631
11706.54296919318   33.7164023201854
11712.64648481841   35.35763659539653
11718.75000044364   33.82574764499875
11724.85351606888   25.07836381316892
11730.95703169411   34.4432928529243
11737.06054731934   24.87983407547395
11743.16406294457   35.14371823859295
11749.2675785698   41.77037443474268
11755.37109419503   42.69591801844133
11761.47460982026   34.0945678753752
11767.57812544549   27.78203080032178
11773.68164107073   31.48370732217412
11779.78515669596   27.07667242746226
11785.88867232119   30.15084736825202
11791.99218794642   38.53518738253435
11798.09570357165   39.38263395949615
11804.19921919688   37.36453933631677
11810.30273482211   33.5275442412527
11816.40625044734   27.44464320841834
11822.50976607257   33.13937653442121
11828.6132816978   30.60374559733742
11834.71679732304   32.64450309944409
11840.82031294827   26.87891645514002
11846.9238285735   37.48924276051848
11853.02734419873   30.54223250813891
11859.13085982396   30.58202844645064
11865.23437544919   30.60394948371973
11871.33789107442   31.76041903374104
11877.44140669965   41.28421840462295
11883.54492232488   43.12288612941187
11889.64843795011   38.61095759797306
11895.75195357535   34.30324025471459
11901.85546920058   29.11408574256897
11907.95898482581   34.36276367613085
11914.06250045104   37.89732433917609
11920.16601607627   40.00651623940256
11926.2695317015   38.19925518459023
11932.37304732673   34.31409217119936
11938.47656295196   32.84976527134251
11944.5800785772   34.36754698312934
11950.68359420243   33.31855392776453
11956.78710982766   36.24630851695305
11962.89062545289   38.31969977145756
11968.99414107812   38.17757440293376
11975.09765670335   39.30142663887233
11981.20117232858   36.82728206524283
11987.30468795381   36.54241678456107
11993.40820357904   38.90250650270765
11999.51171920427   39.0534042931668
12005.61523482951   38.15566272094761
12011.71875045474   38.34641300467879
12017.82226607997   40.59117287921761
12023.9257817052   33.63890435179753
12030.02929733043   30.11181495797455
12036.13281295566   35.19506682530626
12042.23632858089   40.84864702195375
12048.33984420612   39.14930508938654
12054.44335983135   31.09404146991237
12060.54687545658   34.11909465979416
12066.65039108182   37.37224920678843
12072.75390670705   39.09131266024487
12078.85742233228   38.29223093870102
12084.96093795751   35.42225318523766
12091.06445358274   32.61385439056122
12097.16796920797   27.41590044283659
12103.2714848332   27.87115035389121
12109.37500045843   35.67964751493815
12115.47851608366   36.33001652012118
12121.58203170889   37.79658959717552
12127.68554733413   33.78859225924944
12133.78906295936   36.81456512207302
12139.89257858459   36.45131388280116
12145.99609420982   35.20662672719566
12152.09960983505   37.48362036107112
12158.20312546028   35.55987868339164
12164.30664108551   36.68248181232804
12170.41015671074   39.39176872050444
12176.51367233598   39.22175170795794
12182.61718796121   33.43724584869251
12188.72070358644   30.62281431441268
12194.82421921167   36.14665252624027
12200.9277348369   38.69118039534979
12207.03125046213   39.88080447323008
12213.13476608736   40.31792339646262
12219.23828171259   38.63000460512623
12225.34179733782   38.57343709443618
12231.44531296305   37.1441829888503
12237.54882858829   32.42621634736975
12243.65234421352   32.20976149093129
12249.75585983875   35.04074250749841
12255.85937546398   34.7342971459374
12261.96289108921   33.24009745650015
12268.06640671444   32.12865493818779
12274.16992233967   37.6745965992193
12280.2734379649   35.35278696404099
12286.37695359013   35.88331129399489
12292.48046921536   35.66357502235365
12298.5839848406   35.12748007969527
12304.68750046583   32.73915500565049
12310.79101609106   31.32527340998212
12316.89453171629   36.10073690486374
12322.99804734152   35.16258704715845
12329.10156296675   33.67302429003556
12335.20507859198   36.40132928583535
12341.30859421721   34.58387647705541
12347.41210984245   26.4162970400819
12353.51562546768   33.74070426944621
12359.61914109291   37.83016996437259
12365.72265671814   32.5593521326476
12371.82617234337   28.06941208971624
12377.9296879686   26.0496934539906
12384.03320359383   27.5893119253753
12390.13671921906   31.03260831679075
12396.24023484429   35.45628278935262
12402.34375046952   36.04664402291908
12408.44726609476   32.29789619300047
12414.55078171999   34.81162646801165
12420.65429734522   35.17752710745623
12426.75781297045   36.48639180607137
12432.86132859568   39.11106455770155
12438.96484422091   35.56389071775446
12445.06835984614   39.48907047116401
12451.17187547137   38.8602826022345
12457.2753910966   28.94725547013513
12463.37890672183   31.63528484653965
12469.48242234707   30.41520499048313
12475.5859379723   34.46945857484181
12481.68945359753   35.56122509313103
12487.79296922276   33.16806573012751
12493.89648484799   36.97364288883911
12500.00000047322   37.89132836589364
12506.10351609845   31.26251041371572
12512.20703172368   35.06766785655292
12518.31054734891   37.31451057783897
12524.41406297415   36.38431643510239
12530.51757859938   33.92911558964597
12536.62109422461   36.86855101680484
12542.72460984984   36.15302273856017
12548.82812547507   29.05059123994979
12554.9316411003   37.52869577090656
12561.03515672553   40.15285726815578
12567.13867235076   41.81630957187566
12573.24218797599   38.92407434822141
12579.34570360123   39.82314504777705
12585.44921922646   38.8068321459498
12591.55273485169   34.48220470532976
12597.65625047692   30.77504625867692
12603.75976610215   32.72036088752537
12609.86328172738   38.99030038677444
12615.96679735261   40.50449949394469
12622.07031297784   31.33854137768524
12628.17382860307   33.67671579504994
12634.27734422831   28.34666490445933
12640.38085985354   36.20530797021632
12646.48437547877   37.00212612782637
12652.587891104   33.54372527314838
12658.69140672923   34.08165993964679
12664.79492235446   35.34901112281769
12670.89843797969   33.69822786069007
12677.00195360492   38.19538992727442
12683.10546923015   40.49470158464337
12689.20898485538   42.72741909652219
12695.31250048062   43.04581276220478
12701.41601610585   41.85830320731849
12707.51953173108   40.73592754401386
12713.62304735631   39.2657848749562
12719.72656298154   39.44354325168001
12725.83007860677   34.95438095997697
12731.933594232   29.51535831256448
12738.03710985723   32.84670637987908
12744.14062548246   31.99093039742801
12750.24414110769   34.26634088848378
12756.34765673293   38.34958075106481
12762.45117235816   34.40670136917441
12768.55468798339   38.04793281223118
12774.65820360862   34.2610228392991
12780.76171923385   31.13730417528641
12786.86523485908   34.28092813493085
12792.96875048431   33.33459473673646
12799.07226610954   35.54869942968759
12805.17578173478   39.30325287377141
12811.27929736001   40.40446407278055
12817.38281298524   40.11598060208066
12823.48632861047   42.04014883640252
12829.5898442357   39.14840436114867
12835.69335986093   39.31403043937727
12841.79687548616   38.66386295145332
12847.90039111139   36.91242827812137
12854.00390673662   36.97082012582502
12860.10742236185   35.01544156583751
12866.21093798709   32.75999387155474
12872.31445361232   34.70924342784718
12878.41796923755   32.48175473772492
12884.52148486278   35.01996923482476
12890.62500048801   37.69324792543541
12896.72851611324   40.80579406632219
12902.83203173847   35.40650415498375
12908.9355473637   32.25811532435042
12915.03906298893   32.94524122497494
12921.14257861416   30.83554554271352
12927.2460942394   35.85722482845784
12933.34960986463   37.20407918875087
12939.45312548986   36.81820181999474
12945.55664111509   38.09551467481417
12951.66015674032   38.89880759926221
12957.76367236555   38.95144819753001
12963.86718799078   40.05935086581094
12969.97070361601   40.80473189741169
12976.07421924125   39.61879886062258
12982.17773486648   33.72408822316879
12988.28125049171   29.80507777443051
12994.38476611694   34.94620986248093
13000.48828174217   25.5174429162985
13006.5917973674   36.80689668787289
13012.69531299263   29.83542712684741
13018.79882861786   36.81959424462011
13024.90234424309   34.42116671423404
13031.00585986832   31.69562040592207
13037.10937549356   34.26193062373846
13043.21289111879   31.3960727931056
13049.31640674402   32.35692498037671
13055.41992236925   29.18000178802208
13061.52343799448   32.95458346628776
13067.62695361971   37.11002386890862
13073.73046924494   38.88300035637674
13079.83398487017   36.30609096016882
13085.9375004954   36.31191101481385
13092.04101612063   35.22834740490092
13098.14453174587   35.22673232291245
13104.2480473711   35.99733491395154
13110.35156299633   31.36649061327663
13116.45507862156   35.73833981833135
13122.55859424679   37.34118575299523
13128.66210987202   30.10609036654736
13134.76562549725   32.84875219606297
13140.86914112248   34.69296035068877
13146.97265674771   36.29061006487645
13153.07617237294   35.70278256757951
13159.17968799818   34.4211505801443
13165.28320362341   38.30431251460958
13171.38671924864   37.39805957061111
13177.49023487387   35.94061815881724
13183.5937504991   31.30539758993594
13189.69726612433   34.9471605040608
13195.80078174956   36.73674394410953
13201.90429737479   36.02467100237659
13208.00781300003   37.94503749499008
13214.11132862526   34.43706176198354
13220.21484425049   34.20985993814971
13226.31835987572   28.12921201934259
13232.42187550095   29.5230816312823
13238.52539112618   32.23417593469322
13244.62890675141   33.3509320505911
13250.73242237664   37.10013708406158
13256.83593800187   34.29630954827017
13262.9394536271   29.42460537951878
13269.04296925234   32.64564272492853
13275.14648487757   36.47457800843826
13281.2500005028   35.48327898849401
13287.35351612803   32.39043405694668
13293.45703175326   28.48976079597035
13299.56054737849   31.87979635297195
13305.66406300372   34.77079753994062
13311.76757862895   32.69086374171119
13317.87109425418   26.24450445632553
13323.97460987941   36.39835666111866
13330.07812550465   35.07581566255364
13336.18164112988   37.77102382206171
13342.28515675511   31.31276921189291
13348.38867238034   24.02921552967529
13354.49218800557   26.64518688387053
13360.5957036308   31.77368345603072
13366.69921925603   32.99467810946866
13372.80273488126   32.33823073537506
13378.90625050649   36.13056440893996
13385.00976613173   31.15668398460141
13391.11328175696   35.3015250593734
13397.21679738219   33.06999225967802
13403.32031300742   37.97817916639588
13409.42382863265   36.89649898126102
13415.52734425788   34.30847611956997
13421.63085988311   35.41406235867554
13427.73437550834   33.54292913521531
13433.83789113357   30.21030072939345
13439.94140675881   33.58324232831181
13446.04492238404   30.34708938102553
13452.14843800927   26.38487527971599
13458.2519536345   26.71114016642026
13464.35546925973   38.24455396112337
13470.45898488496   33.71399226645966
13476.56250051019   27.31818477650462
13482.66601613542   31.54152191274942
13488.76953176065   34.56205303534517
13494.87304738589   34.42934133274502
13500.97656301112   30.42872892830176
13507.08007863635   30.61939856782892
13513.18359426158   21.66027985905465
13519.28710988681   28.43297902559325
13525.39062551204   33.83895974151036
13531.49414113727   34.76657256446673
13537.5976567625   26.95069281434917
13543.70117238773   28.31315874647604
13549.80468801296   32.96771430935421
13555.9082036382   28.77275505323347
13562.01171926343   33.53126075157945
13568.11523488866   38.32032721657847
13574.21875051389   31.78755768508773
13580.32226613912   32.39562766101032
13586.42578176435   37.69512595362378
13592.52929738958   39.22126310942032
13598.63281301481   32.54961742103004
13604.73632864005   33.37161690940237
13610.83984426528   38.08065650410206
13616.94335989051   37.8737606988976
13623.04687551574   36.9707916462007
13629.15039114097   34.02634848708384
13635.2539067662   32.70319600934766
13641.35742239143   36.26790261444883
13647.46093801666   38.19433337283387
13653.56445364189   38.62575848665193
13659.66796926712   31.32030830251942
13665.77148489236   29.01540011979159
13671.87500051759   27.63838283286893
13677.97851614282   33.46336311522701
13684.08203176805   30.20854474580185
13690.18554739328   26.91687893763045
13696.28906301851   34.23431515419662
13702.39257864374   38.36904255629906
13708.49609426897   36.55100784695122
13714.5996098942   34.4882326330827
13720.70312551943   37.06427207055763
13726.80664114467   38.65669706158798
13732.9101567699   36.67973635147828
13739.01367239513   36.41194748219502
13745.11718802036   39.07981950946108
13751.22070364559   39.13183964536282
13757.32421927082   38.17185657546319
13763.42773489605   28.76881758895925
13769.53125052128   36.49109545605985
13775.63476614651   36.81334386830409
13781.73828177174   32.63380876774437
13787.84179739698   33.59883039452102
13793.94531302221   32.53020780327624
13800.04882864744   35.65288026979793
13806.15234427267   27.8974645217483
13812.2558598979   28.3950491388406
13818.35937552313   33.27715701863176
13824.46289114836   38.51398209024004
13830.56640677359   38.55710245498028
13836.66992239883   36.8845591990343
13842.77343802406   37.08551218213324
13848.87695364929   31.3210712784869
13854.98046927452   36.21772741978854
13861.08398489975   38.87071518418401
13867.18750052498   35.68682633920734
13873.29101615021   39.16179207214797
13879.39453177544   38.67868561819679
13885.49804740067   32.42866077850135
13891.6015630259   33.39790712372101
13897.70507865114   30.05588054623732
13903.80859427637   33.16598433388133
13909.9121099016   37.58589674399589
13916.01562552683   36.8377529192804
13922.11914115206   38.385081526745
13928.22265677729   37.96894903911327
13934.32617240252   39.09751532876123
13940.42968802775   36.12090916699875
13946.53320365298   35.02940877077441
13952.63671927821   37.49405624498365
13958.74023490345   35.46977265651334
13964.84375052868   34.06154192795513
13970.94726615391   36.88604808709028
13977.05078177914   38.21490217972077
13983.15429740437   33.09071989685724
13989.2578130296   42.20964363790447
13995.36132865483   33.89886399411218
14001.46484428006   40.66499520515484
14007.5683599053   38.1671444402922
14013.67187553053   31.85793203800283
14019.77539115576   32.69898314480429
14025.87890678099   33.11992911062764
14031.98242240622   39.17562125883718
14038.08593803145   42.17283230347643
14044.18945365668   39.5817480576865
14050.29296928191   35.94559646365787
14056.39648490714   33.42959346811819
14062.50000053237   32.22496335705546
14068.60351615761   33.85207720412782
14074.70703178284   34.56487063867271
14080.81054740807   34.03887326851196
14086.9140630333   31.07026836955555
14093.01757865853   31.61869524335953
14099.12109428376   34.6228184833564
14105.22460990899   30.1366086790034
14111.32812553422   38.64424097564469
14117.43164115945   41.87641773020275
14123.53515678468   30.25039923689338
14129.63867240992   35.06462172090562
14135.74218803515   27.78979286962797
14141.84570366038   30.00826072269191
14147.94921928561   35.45915153578974
14154.05273491084   39.17835151186436
14160.15625053607   38.10277074814299
14166.2597661613   37.53259310277607
14172.36328178653   39.7527830696737
14178.46679741176   33.88620091632198
14184.57031303699   33.14086087933474
14190.67382866223   33.98364668880185
14196.77734428746   36.38221396458769
14202.88085991269   38.81918904640536
14208.98437553792   35.74910332328885
14215.08789116315   35.58267645829769
14221.19140678838   36.87071289256876
14227.29492241361   38.8078504896108
14233.39843803884   39.57881074413592
14239.50195366408   38.22030360957986
14245.60546928931   31.12434336960751
14251.70898491454   32.79936995354628
14257.81250053977   32.8413112026604
14263.916016165   30.25004361229924
14270.01953179023   31.47032214470979
14276.12304741546   28.61388521524916
14282.22656304069   34.99617503263941
14288.33007866592   37.55941633263503
14294.43359429115   38.99451496518532
14300.53710991639   37.7197615589841
14306.64062554162   37.05282961397975
14312.74414116685   37.2299046450752
14318.84765679208   32.28354672990146
14324.95117241731   33.61995254708369
14331.05468804254   38.38227936465081
14337.15820366777   39.92418204448897
14343.261719293   39.22177388698327
14349.36523491823   40.71683897956635
14355.46875054346   41.64330649374687
14361.5722661687   40.37602400863592
14367.67578179393   30.33073519314904
14373.77929741916   29.63323614301062
14379.88281304439   33.00350849521823
14385.98632866962   35.00079578523984
14392.08984429485   34.29062880761982
14398.19335992008   34.89176126719783
14404.29687554531   35.42796601589549
14410.40039117054   33.75245780599172
14416.50390679578   31.73870381457584
14422.60742242101   28.00715236105004
14428.71093804624   31.49457841543946
14434.81445367147   35.96395129049441
14440.9179692967   36.44537851383632
14447.02148492193   34.93237386090382
14453.12500054716   34.94859297917301
14459.22851617239   35.28148011752474
14465.33203179762   32.33137256206864
14471.43554742286   35.84558917338125
14477.53906304809   35.63170646976513
14483.64257867332   36.45597405939472
14489.74609429855   35.74999494501224
14495.84960992378   30.23114512639243
14501.95312554901   32.4191703454632
14508.05664117424   36.23650535784147
14514.16015679947   34.49032275066548
14520.2636724247   34.67643083209403
14526.36718804994   33.07811830948528
14532.47070367517   36.826481443437
14538.5742193004   37.68772381386039
14544.67773492563   37.70709739763119
14550.78125055086   29.6368349575274
14556.88476617609   29.60973023588399
14562.98828180132   37.13107598802762
14569.09179742655   36.33007408874428
14575.19531305178   36.16400250399356
14581.29882867701   25.25226987243795
14587.40234430225   32.3357537854566
14593.50585992748   35.03894325206099
14599.60937555271   32.8640906066031
14605.71289117794   35.83799926886348
14611.81640680317   37.51550407858779
14617.9199224284   34.42117401059939
14624.02343805363   30.90218584493529
14630.12695367886   32.80108003417369
14636.2304693041   30.78377144775236
14642.33398492933   38.60140714800647
14648.43750055456   39.75977055894807
14654.54101617979   31.10311717395224
14660.64453180502   35.7184111645546
14666.74804743025   36.81639628760465
14672.85156305548   34.33702071978877
14678.95507868071   30.32066359200551
14685.05859430594   33.32678711138244
14691.16210993117   35.50782247276084
14697.26562555641   31.77401799220731
14703.36914118164   33.68322267463878
14709.47265680687   33.11164426394549
14715.5761724321   31.24725644742226
14721.67968805733   31.73274519225928
14727.78320368256   33.73321562366585
14733.88671930779   30.45334961954894
14739.99023493302   37.35104231603269
14746.09375055825   39.26051504970306
14752.19726618348   38.20356258689259
14758.30078180872   34.98906952355637
14764.40429743395   30.06501287801632
14770.50781305918   36.14326848172428
14776.61132868441   41.39667289350788
14782.71484430964   38.24901244729973
14788.81835993487   38.33903505837132
14794.9218755601   37.55250500044173
14801.02539118533   35.30185755128124
14807.12890681056   30.80480970185214
14813.23242243579   25.39022384538052
14819.33593806103   29.65399438608856
14825.43945368626   33.32072963930287
14831.54296931149   34.05326937364888
14837.64648493672   32.90783705986601
14843.75000056195   34.20390101105089
14849.85351618718   29.87579988390457
14855.95703181241   31.7607811051015
14862.06054743764   34.50591340771328
14868.16406306288   33.89672310921725
14874.26757868811   36.0670276904232
14880.37109431334   31.98751945443498
14886.47460993857   35.58883235794328
14892.5781255638   38.57385350245375
14898.68164118903   39.48962526215792
14904.78515681426   39.95992986132112
14910.88867243949   39.91445032289418
14916.99218806472   40.27461775424019
14923.09570368995   36.2836405716857
14929.19921931519   34.25204063723967
14935.30273494042   33.29039324937931
14941.40625056565   31.44836546427436
14947.50976619088   37.45414658899087
14953.61328181611   38.75782791665925
14959.71679744134   36.22105553965666
14965.82031306657   29.62411629043235
14971.9238286918   28.45818953882419
14978.02734431703   29.93448671634206
14984.13085994226   23.86092628561968
14990.2343755675   29.34138989566431
14996.33789119273   34.16678867773441
15002.44140681796   32.36175035272375
15008.54492244319   38.46610711911546
15014.64843806842   36.08779536131932
15020.75195369365   36.82517258695545
15026.85546931888   35.33518968795332
15032.95898494411   35.96621015003011
15039.06250056934   39.03339074128488
15045.16601619458   36.55833401110982
15051.26953181981   30.92392887699544
15057.37304744504   34.06167577589071
15063.47656307027   32.24149007271615
15069.5800786955   31.33871407303222
15075.68359432073   39.48222600803766
15081.78710994596   40.14281346026606
15087.89062557119   37.20270996529605
15093.99414119642   35.99793796901655
15100.09765682166   33.53926865915029
15106.20117244689   33.95873436008622
15112.30468807212   35.37294193237871
15118.40820369735   37.33039020087338
15124.51171932258   36.70511620381262
15130.61523494781   34.83735066953108
15136.71875057304   29.44876810552697
15142.82226619827   31.26433804862912
15148.9257818235   32.37063232155108
15155.02929744873   34.44417013533496
15161.13281307397   37.07124146201618
15167.2363286992   38.24056284627279
15173.33984432443   35.97484887402265
15179.44335994966   32.74136866212849
15185.54687557489   28.31703413245897
15191.65039120012   29.92603117284428
15197.75390682535   31.53940759968417
15203.85742245058   39.15845602793766
15209.96093807581   40.00432769624452
15216.06445370104   38.05806663374597
15222.16796932628   33.05977199550617
15228.27148495151   29.0062335069077
15234.37500057674   34.30726661891908
15240.47851620197   38.40323225621984
15246.5820318272   31.43467318142742
15252.68554745243   35.02839628766735
15258.78906307766   38.50967995240431
15264.89257870289   34.84450973547359
15270.99609432813   34.85976151793835
15277.09960995336   38.27423656242677
15283.20312557859   39.66302098610098
15289.30664120382   36.24665280696468
15295.41015682905   33.60792515650769
15301.51367245428   33.91098964740407
15307.61718807951   32.96489616352437
15313.72070370474   30.24044252599035
15319.82421932997   34.47018737054898
15325.9277349552   35.03758209944667
15332.03125058044   33.20109073837292
15338.13476620567   38.73779377209188
15344.2382818309   36.43246040039689
15350.34179745613   31.29598817274974
15356.44531308136   34.80371647606693
15362.54882870659   39.96814595514211
15368.65234433182   37.69946729241588
15374.75585995705   37.59447452700804
15380.85937558228   37.63952643257844
15386.96289120751   36.26240427050685
15393.06640683275   32.88965532041635
15399.16992245798   35.0044656515195
15405.27343808321   34.53450807564862
15411.37695370844   38.04543613595535
15417.48046933367   36.77263031036978
15423.5839849589   35.44433402000173
15429.68750058413   34.36668140399644
15435.79101620936   29.49021962823449
15441.89453183459   33.09357256180688
15447.99804745983   37.54656338396649
15454.10156308506   31.60586502581321
15460.20507871029   33.01984683798457
15466.30859433552   31.62214951939863
15472.41210996075   31.28165424993898
15478.51562558598   25.60899257357143
15484.61914121121   37.02073996366564
15490.72265683644   39.52045498317847
15496.82617246168   41.83518448143376
15502.92968808691   42.49968838470704
15509.03320371214   38.18001416698485
15515.13671933737   38.90349936865393
15521.2402349626   26.4524444501617
15527.34375058783   35.59973590591698
15533.44726621306   38.45919857109481
15539.55078183829   34.2590233490798
15545.65429746352   35.26153352278382
15551.75781308875   38.60219430568489
15557.86132871399   32.45176675735627
15563.96484433922   29.28431300323158
15570.06835996445   32.73293367354434
15576.17187558968   36.53683133538679
15582.27539121491   22.05374934248671
15588.37890684014   34.25639014808297
15594.48242246537   30.88545862624732
15600.5859380906   29.41524301805547
15606.68945371583   33.25590011215112
15612.79296934106   36.85489313137991
15618.8964849663   38.40911926973279
15625.00000059153   38.89248688076555
15631.10351621676   38.37317828584071
15637.20703184199   41.38286518723418
15643.31054746722   36.41250288814103
15649.41406309245   36.69299133747417
15655.51757871768   37.39609505230905
15661.62109434291   34.21379743690368
15667.72460996815   32.8838708120652
15673.82812559338   38.6963408453415
15679.93164121861   38.14289336853261
15686.03515684384   35.32095533565632
15692.13867246907   32.59169380675657
15698.2421880943   30.60553732716554
15704.34570371953   39.1235460796962
15710.44921934476   36.04146278310679
15716.55273496999   32.96060457328902
15722.65625059522   33.07028177507221
15728.75976622046   31.86695527616203
15734.86328184569   35.49985054717565
15740.96679747092   37.58242827074366
15747.07031309615   39.87707125264545
15753.17382872138   37.46791660023708
15759.27734434661   37.04093169870116
15765.38085997184   34.49027324341472
15771.48437559707   35.41216443060377
15777.5878912223   34.15843061709453
15783.69140684753   31.39840753984847
15789.79492247277   28.47803610807459
15795.898438098   34.83686591277647
15802.00195372323   27.56023061349862
15808.10546934846   33.77204699236395
15814.20898497369   34.87777723312708
15820.31250059892   32.58705822283549
15826.41601622415   32.69734290567691
15832.51953184938   27.67828635786213
15838.62304747461   34.38859156884001
15844.72656309984   30.14355537585242
15850.83007872508   31.81355026504009
15856.93359435031   28.81380759769039
15863.03710997554   32.75647855963199
15869.14062560077   36.76276577716983
15875.244141226   37.16093616056865
15881.34765685123   37.12445823684818
15887.45117247646   34.58143196926169
15893.55468810169   35.02372964945257
15899.65820372693   32.78326347028896
15905.76171935216   38.20478631936438
15911.86523497739   38.65511625540335
15917.96875060262   33.87351460602244
15924.07226622785   35.91528355789966
15930.17578185308   35.30373056773125
15936.27929747831   30.85266756892419
15942.38281310354   30.74666537948045
15948.48632872877   30.97067209744992
15954.589844354   25.83840124307125
15960.69335997924   29.39670241768286
15966.79687560447   25.85422795900402
15972.9003912297   33.4601994517087
15979.00390685493   35.68188051683551
15985.10742248016   31.33457956660651
15991.21093810539   28.41154559461352
15997.31445373062   32.80541465337004
16003.41796935585   31.40978934504573
16009.52148498108   34.22904512932863
16015.62500060631   36.22825542974787
16021.72851623155   31.98985623076075
16027.83203185678   33.19089203254312
16033.93554748201   35.7924101375394
16040.03906310724   23.5057558315931
16046.14257873247   33.98957223765773
16052.2460943577   31.39042920797161
16058.34960998293   31.61214860586937
16064.45312560816   32.67448562342278
16070.55664123339   27.65924069265906
16076.66015685862   29.9168323235882
16082.76367248386   34.96512373583745
16088.86718810909   35.9049556759186
16094.97070373432   34.58311912607441
16101.07421935955   35.23677593239491
16107.17773498478   36.52945512608727
16113.28125061001   37.52428667854019
16119.38476623524   31.50695726353768
16125.48828186047   33.08052575572395
16131.59179748571   30.14401687602599
16137.69531311094   33.24833506848412
16143.79882873617   31.34907937572073
16149.9023443614   23.78327443309793
16156.00585998663   31.67246579509539
16162.10937561186   34.7538598611449
16168.21289123709   28.56860990069566
16174.31640686232   29.83678300650094
16180.41992248755   32.17227943849089
16186.52343811278   33.8548255753311
16192.62695373802   36.12113209219891
16198.73046936325   32.32355973931482
16204.83398498848   34.38116096137632
16210.93750061371   29.91518028946506
16217.04101623894   29.16265600892699
16223.14453186417   29.92902640002229
16229.2480474894   30.26064024573128
16235.35156311463   30.63526421746081
16241.45507873986   36.31667763914671
16247.55859436509   31.80552556674638
16253.66210999033   32.13974961262077
16259.76562561556   35.27863195846747
16265.86914124079   33.05982571656246
16271.97265686602   33.01591386804634
16278.07617249125   29.02465814950588
16284.17968811648   33.96299937712601
16290.28320374171   30.15087598046932
16296.38671936694   25.22400764186532
16302.49023499218   28.32969747320018
16308.59375061741   34.85687966200108
16314.69726624264   31.13066405983811
16320.80078186787   31.02514455607663
16326.9042974931   23.03868911179326
16333.00781311833   29.81194573325681
16339.11132874356   38.38829224302666
16345.21484436879   38.7400038408567
16351.31835999402   36.65921975415662
16357.42187561925   35.65632471012631
16363.52539124449   32.46705030245809
16369.62890686972   30.81955758581044
16375.73242249495   23.41494731893167
16381.83593812018   35.18163194918398
16387.93945374541   27.96192320223465
16394.04296937064   36.25989799988977
16400.14648499587   31.42674138267363
16406.2500006211   25.41935769755341
16412.35351624633   29.68625043367968
16418.45703187157   30.71661148312629
16424.5605474968   24.57754645831448
16430.66406312203   28.62941543520636
16436.76757874726   34.35738834324459
16442.87109437249   33.48531033070169
16448.97460999772   28.37213444229072
16455.07812562295   30.55806124317655
16461.18164124818   30.8617547502879
16467.28515687341   35.0553986247739
16473.38867249864   36.2072201808748
16479.49218812388   32.49875064875836
16485.59570374911   29.49707881180051
16491.69921937434   30.48930782299946
16497.80273499957   30.58611585283796
16503.9062506248   29.89569759542874
16510.00976625003   28.28376593101076
16516.11328187526   28.28515345494573
16522.21679750049   32.1762244634856
16528.32031312573   25.25388219370365
16534.42382875095   33.32315290668058
16540.52734437619   29.65823133097589
16546.63086000142   34.81020645889858
16552.73437562665   31.16751065154013
16558.83789125188   31.59515392299291
16564.94140687711   33.30743365173115
16571.04492250234   33.94522277352586
16577.14843812757   27.92819763260107
16583.2519537528   29.15492536646047
16589.35546937804   29.89384563901257
16595.45898500326   28.33008547974526
16601.5625006285   33.60289127111878
16607.66601625373   33.60900100373415
16613.76953187896   27.16929307513018
16619.87304750419   32.04598884784775
16625.97656312942   34.26503410225254
16632.08007875465   37.64673012445503
16638.18359437988   38.08909522109019
16644.28711000512   32.66528954930551
16650.39062563035   27.94327261515725
16656.49414125558   32.28199855549343
16662.59765688081   29.16102683913146
16668.70117250604   28.02639979699589
16674.80468813127   32.46746906033509
16680.9082037565   32.80439092350453
16687.01171938173   20.77288806700222
16693.11523500696   30.89479747706368
16699.21875063219   34.65169100171303
16705.32226625743   36.29330934979141
16711.42578188266   33.7761386723136
16717.52929750789   33.31071372170038
16723.63281313312   32.94133596614056
16729.73632875835   33.166690536704
16735.83984438358   28.0234909877354
16741.94336000881   27.14032562050786
16748.04687563404   26.80906843354514
16754.15039125927   25.82996416135884
16760.2539068845   35.54497562126191
16766.35742250974   36.36251462138424
16772.46093813497   32.62975444250814
16778.5644537602   30.20933496013815
16784.66796938543   32.83626353009203
16790.77148501066   30.77976050541603
16796.87500063589   28.06798525640759
16802.97851626112   37.3196124935062
16809.08203188636   33.72161940782645
16815.18554751158   29.5599920701567
16821.28906313682   32.33170096906492
16827.39257876205   38.27545558451468
16833.49609438728   38.29966656892211
16839.59961001251   36.52256255397656
16845.70312563774   32.84576758894986
16851.80664126297   27.80392637535967
16857.9101568882   29.44741840724409
16864.01367251343   32.26900591989661
16870.11718813867   32.21347828918822
16876.22070376389   31.77850649682707
16882.32421938913   33.99257250885447
16888.42773501436   25.42710653418503
16894.53125063959   31.65633005511907
16900.63476626482   21.37403580072923
16906.73828189005   33.83669432940977
16912.84179751528   27.75712551985232
16918.94531314051   27.2322158143984
16925.04882876574   31.08082466757284
16931.15234439098   30.57976426953503
16937.2558600162   26.48617324918679
16943.35937564144   30.5367193726399
16949.46289126667   34.82960466334073
16955.5664068919   35.06487488251882
16961.66992251713   33.30045713557498
16967.77343814236   33.38355850056359
16973.87695376759   30.84572099445118
16979.98046939282   25.43181453496019
16986.08398501805   29.64205212832729
16992.18750064329   31.7264084435249
16998.29101626851   29.94471154550521
17004.39453189375   34.22298043247777
17010.49804751898   36.39934848300805
17016.60156314421   31.63864109922832
17022.70507876944   30.06354579881339
17028.80859439467   26.05284220596131
17034.9121100199   31.15698795032872
17041.01562564513   28.47208210774113
17047.11914127037   29.65231540745093
17053.2226568956   24.31452498470982
17059.32617252083   25.51875596570529
17065.42968814606   29.69614676391966
17071.53320377129   32.82403767970096
17077.63671939652   28.6543892865189
17083.74023502175   33.48915452588608
17089.84375064698   29.23984211095
17095.94726627221   35.11146717569061
17102.05078189744   33.87963300470537
17108.15429752268   29.6514162995327
17114.25781314791   26.9665615335763
17120.36132877314   35.41423793083871
17126.46484439837   36.45348440573641
17132.5683600236   31.82999705004131
17138.67187564883   24.16106992491451
17144.77539127406   28.46925901913021
17150.87890689929   31.12107954893758
17156.98242252452   33.0199768820242
17163.08593814975   30.29516691845248
17169.18945377499   31.74803976090893
17175.29296940022   30.75014403230981
17181.39648502545   29.18672860979471
17187.50000065068   34.17651338407158
17193.60351627591   31.93959058237198
17199.70703190114   28.83267740167322
17205.81054752637   22.47414976941101
17211.9140631516   25.98620709551296
17218.01757877683   28.09981164017937
17224.12109440207   35.71613467484678
17230.2246100273   30.27739111987128
17236.32812565253   31.52962561089494
17242.43164127776   28.49213798031929
17248.53515690299   33.28514357719743
17254.63867252822   34.61127679693674
17260.74218815345   37.45306057765509
17266.84570377868   32.91836876900854
17272.94921940392   30.01605722766714
17279.05273502914   28.98951839330456
17285.15625065438   29.26626011183269
17291.25976627961   31.5370480889315
17297.36328190484   26.51859270261966
17303.46679753007   21.20383761698428
17309.5703131553   30.62077497464342
17315.67382878053   26.08920078942434
17321.77734440576   30.32568710621995
17327.88086003099   33.48076157828687
17333.98437565623   26.41299309398862
17340.08789128146   30.93209774640824
17346.19140690669   19.38524328634274
17352.29492253192   24.07837912489025
17358.39843815715   27.65075111107123
17364.50195378238   29.85753435306229
17370.60546940761   30.60733219313853
17376.70898503284   27.27926808538628
17382.81250065807   35.1261820065904
17388.9160162833   36.84490233714607
17395.01953190854   30.01694543699567
17401.12304753377   32.92571551207921
17407.226563159   31.6061023130863
17413.33007878423   30.30980243579516
17419.43359440946   33.09212756077934
17425.53711003469   31.56854756052144
17431.64062565992   28.67450860661299
17437.74414128515   28.83042472320454
17443.84765691038   24.99137119688332
17449.95117253562   26.76457092960363
17456.05468816085   27.78624317578664
17462.15820378608   30.37458520910231
17468.26171941131   29.14089795217404
17474.36523503654   30.02332637070794
17480.46875066177   27.40068324666992
17486.572266287   26.54233913464356
17492.67578191223   27.55155952187058
17498.77929753747   32.4358742631948
17504.88281316269   27.96095479094081
17510.98632878793   32.81503192033012
17517.08984441316   35.8859490809627
17523.19336003839   26.28683257563089
17529.29687566362   27.42375747205836
17535.40039128885   24.04891261456027
17541.50390691408   24.07403059153514
17547.60742253931   24.08134627004919
17553.71093816454   29.65156273645104
17559.81445378978   32.60194150227328
17565.917969415   26.09211550906014
17572.02148504024   24.79191716934581
17578.12500066547   31.22798672649603
17584.2285162907   34.3256697287448
17590.33203191593   33.4354657874307
17596.43554754116   32.47412675211653
17602.53906316639   29.35560939091105
17608.64257879162   33.56398586714033
17614.74609441685   32.22289587607555
17620.84961004209   29.71851721691014
17626.95312566731   30.87796956331954
17633.05664129255   30.30437744084271
17639.16015691778   32.13667722477011
17645.26367254301   27.47143761305278
17651.36718816824   24.94730314233152
17657.47070379347   27.45534985197541
17663.5742194187   27.60365612424923
17669.67773504393   26.10954908048275
17675.78125066917   26.52412877253517
17681.8847662944   29.44534520230037
17687.98828191963   31.39829154365863
17694.09179754486   29.4989931420557
17700.19531317009   23.55990597407817
17706.29882879532   19.88716043232436
17712.40234442055   23.50161032506613
17718.50586004578   24.74215123574076
17724.60937567101   29.05710105700814
17730.71289129624   32.89785871807788
17736.81640692148   32.80688814954502
17742.91992254671   34.80198032972544
17749.02343817194   28.17384463794609
17755.12695379717   22.50975850439489
17761.2304694224   28.06389528291902
17767.33398504763   28.33499435467835
17773.43750067286   26.78535135302868
17779.54101629809   27.8415828351127
17785.64453192332   28.62477635657527
17791.74804754855   27.2288881590438
17797.85156317379   32.2637900890864
17803.95507879902   28.50272987329955
17810.05859442425   27.41555572486492
17816.16211004948   27.39420006008472
17822.26562567471   27.96503456931
17828.36914129994   27.51274323556998
17834.47265692517   30.45005040943785
17840.5761725504   27.49374181018733
17846.67968817563   26.36419549140184
17852.78320380087   30.31640744371987
17858.8867194261   33.6864949901573
17864.99023505133   32.37696747006641
17871.09375067656   32.0699729780893
17877.19726630179   29.78808193416914
17883.30078192702   26.32052041683649
17889.40429755225   27.43959637023277
17895.50781317748   28.75017704558478
17901.61132880272   26.81558315596835
17907.71484442794   26.14723994371231
17913.81836005318   27.39647216554179
17919.92187567841   28.81536573048768
17926.02539130364   30.97842117149938
17932.12890692887   31.97093094524091
17938.2324225541   29.68623081954199
17944.33593817933   27.1091094394016
17950.43945380456   29.77338770686774
17956.54296942979   31.16830751860498
17962.64648505503   29.68399942052604
17968.75000068025   29.64296721213207
17974.85351630549   29.90246774040163
17980.95703193072   30.09175352514075
17987.06054755595   30.33672262431512
17993.16406318118   27.22496643617545
17999.26757880641   24.7685795320888
18005.37109443164   26.05297013044828
18011.47461005687   28.03135995344737
18017.5781256821   28.28670176464115
18023.68164130734   25.69789377760165
18029.78515693256   14.90738692086267
18035.8886725578   30.67511704967779
18041.99218818303   30.84380002551721
18048.09570380826   31.38785481386838
18054.19921943349   32.5505043809606
18060.30273505872   31.50498722942351
18066.40625068395   28.95974554217871
18072.50976630918   23.66517157340942
18078.61328193442   22.89225781927815
18084.71679755965   21.66003773690025
18090.82031318488   21.75271807064078
18096.92382881011   19.29865340414934
18103.02734443534   26.17112637577936
18109.13086006057   28.42713421818581
18115.2343756858   23.9818873657413
18121.33789131103   26.20219769532337
18127.44140693626   23.28788952024362
18133.54492256149   21.74483575573347
18139.64843818673   26.40036931905376
18145.75195381196   25.92144406643738
18151.85546943719   20.70276668448277
18157.95898506242   29.19800674074893
18164.06250068765   20.45525068487558
18170.16601631288   27.76814429226455
18176.26953193811   30.77497234417696
18182.37304756334   30.74796837846115
18188.47656318857   26.03922218471407
18194.5800788138   24.01091598702429
18200.68359443904   28.64433095568773
18206.78711006427   29.32289179618149
18212.8906256895   15.14125679110688
18218.99414131473   20.25954313190736
18225.09765693996   20.77411621992909
18231.20117256519   24.78600704840298
18237.30468819042   25.92153933029383
18243.40820381565   22.45294508644076
18249.51171944088   25.17022711273937
18255.61523506611   24.19492567971734
18261.71875069135   29.24905116004495
18267.82226631658   32.48334440520653
18273.92578194181   23.9678936313741
18280.02929756704   27.96906429403563
18286.13281319227   31.93487855008586
18292.2363288175   23.0176750467136
18298.33984444273   26.80656161958971
18304.44336006797   25.8883064928264
18310.5468756932   30.19023233812909
18316.65039131843   28.10902825781283
18322.75390694366   21.34136866161629
18328.85742256889   28.26927498095552
18334.96093819412   26.39460099041344
18341.06445381935   27.44580665786417
18347.16796944458   28.4618959859353
18353.27148506981   26.21418847605469
18359.37500069504   25.15055051186316
18365.47851632028   34.04653296051841
18371.58203194551   31.95784905213452
18377.68554757074   32.24417161930786
18383.78906319597   27.7489098633963
18389.8925788212   24.79950771501956
18395.99609444643   25.28434556847479
18402.09961007166   24.87058022910367
18408.20312569689   28.07398847080938
18414.30664132212   29.06409309434317
18420.41015694735   24.20795642774158
18426.51367257259   22.31537289016632
18432.61718819782   25.59955251309286
18438.72070382305   24.65553162282965
18444.82421944828   23.41445866773066
18450.92773507351   28.28280975394492
18457.03125069874   26.39955359088565
18463.13476632397   29.36375494091422
18469.2382819492   27.03015786724064
18475.34179757443   30.9677700299251
18481.44531319967   26.77080315360008
18487.5488288249   24.14471722908257
18493.65234445013   31.14857998209258
18499.75586007536   31.41867943452153
18505.85937570059   22.59007196281748
18511.96289132582   27.93829519404601
18518.06640695105   26.18620720268589
18524.16992257628   30.21913359010539
18530.27343820152   29.68217081746579
18536.37695382674   27.34530888096479
18542.48046945198   25.35855283079648
18548.58398507721   29.41635965182496
18554.68750070244   29.99329028752895
18560.79101632767   28.54176146659491
18566.8945319529   24.92457178645999
18572.99804757813   24.69326425698206
18579.10156320336   16.1889951920469
18585.20507882859   27.85570149539593
18591.30859445383   26.43883484361226
18597.41211007905   30.95299736501194
18603.51562570429   34.80327990209926
18609.61914132952   31.11796523648664
18615.72265695475   25.35154616400137
18621.82617257998   24.4631674970964
18627.92968820521   28.0609197507819
18634.03320383044   31.0050015471781
18640.13671945567   27.49888973846959
18646.2402350809   27.68620524941862
18652.34375070614   29.20234411614359
18658.44726633136   32.28309373295216
18664.5507819566   32.01906635527639
18670.65429758183   28.981975926832
18676.75781320706   19.57087256723014
18682.86132883229   25.99239543176699
18688.96484445752   27.35141169334596
18695.06836008275   26.45935169841281
18701.17187570798   26.8029038385585
18707.27539133322   26.54284652042568
18713.37890695845   19.78631508851423
18719.48242258368   26.32467694809741
18725.58593820891   30.84677589619293
18731.68945383414   33.29695768450013
18737.79296945937   31.96256319239146
18743.8964850846   28.6160335171019
18750.00000070983   26.58208908819988
18756.10351633506   23.74814466525948
18762.20703196029   25.42951901114798
18768.31054758553   21.56277493122669
18774.41406321076   27.17811300626757
18780.51757883599   28.16035596895926
18786.62109446122   28.48960368249601
18792.72461008645   25.18198903984271
18798.82812571168   23.00431205717066
18804.93164133691   26.70532965830503
18811.03515696214   30.40078466010797
18817.13867258737   28.36097539711758
18823.2421882126   14.45859992728322
18829.34570383784   25.91415835301674
18835.44921946307   26.49767348649778
18841.5527350883   28.151801584632
18847.65625071353   32.25826724641567
18853.75976633876   33.0056275710304
18859.86328196399   32.01465344224552
18865.96679758922   31.97214242065005
18872.07031321445   28.32114704710335
18878.17382883968   27.16438271042795
18884.27734446492   22.93978670638106
18890.38086009015   28.15377040541546
18896.48437571538   30.05745648374953
18902.58789134061   29.50555920778847
18908.69140696584   26.68233355861958
18914.79492259107   29.77810080057341
18920.8984382163   29.66459882037987
18927.00195384153   30.44501728814036
18933.10546946677   30.36666921363982
18939.20898509199   23.32446025986375
18945.31250071723   21.53916055248661
18951.41601634246   23.52419656865414
18957.51953196769   30.16219799777536
18963.62304759292   28.56988482172593
18969.72656321815   28.9383422285535
18975.83007884338   29.65280041082139
18981.93359446861   30.8535142264833
18988.03711009384   28.74697837994285
18994.14062571908   28.13364718108321
19000.2441413443   21.87140136409833
19006.34765696954   26.34143197405053
19012.45117259477   21.91616459118526
19018.55468822   23.97681648428091
19024.65820384523   27.21969481796692
19030.76171947046   30.01954638372041
19036.86523509569   27.07037391823048
19042.96875072092   28.42814352739618
19049.07226634615   30.16966817066494
19055.17578197139   29.92845862796928
19061.27929759661   29.62256948823366
19067.38281322185   23.23458278785967
19073.48632884708   11.18564312700106
19079.58984447231   21.07583565066834
19085.69336009754   26.57613242016341
19091.79687572277   24.83144351299541
19097.900391348   25.95466619597832
19104.00390697323   27.62816025252981
19110.10742259847   30.35857883432314
19116.2109382237   23.66456083745614
19122.31445384893   26.20277022250052
19128.41796947416   16.39629827106905
19134.52148509939   28.29287355942373
19140.62500072462   26.86611226218581
19146.72851634985   22.61169547509973
19152.83203197508   24.08736109584263
19158.93554760031   24.94405705797119
19165.03906322554   24.35281912971305
19171.14257885078   26.6075844359893
19177.24609447601   26.49249486368992
19183.34961010124   22.40389293350532
19189.45312572647   23.69359110785019
19195.5566413517   22.39868093044405
19201.66015697693   26.14834957689975
19207.76367260216   25.26904923483074
19213.86718822739   26.12717705532611
19219.97070385262   23.53924569217259
19226.07421947785   25.14664515268952
19232.17773510309   23.65865038621401
19238.28125072832   23.54750866079829
19244.38476635355   25.10593095120482
19250.48828197878   21.62823463066452
19256.59179760401   29.8474275373794
19262.69531322924   28.99558647860153
19268.79882885447   25.67729631585129
19274.9023444797   23.96644511112164
19281.00586010493   26.51270157403534
19287.10937573016   26.79558673377042
19293.2128913554   24.56887237128508
19299.31640698063   24.42340389949816
19305.41992260586   25.46208258848676
19311.52343823109   22.01525147011867
19317.62695385632   25.13983089354521
19323.73046948155   26.21665696103222
19329.83398510678   20.7323287186893
19335.93750073202   25.84683782221171
19342.04101635725   26.84139393896554
19348.14453198248   29.03775092844928
19354.24804760771   23.31960117501349
19360.35156323294   25.43207238671878
19366.45507885817   29.64799722449442
19372.5585944834   28.72474298553389
19378.66211010863   23.58544422368562
19384.76562573386   28.17042134779899
19390.86914135909   25.64699713279225
19396.97265698433   18.69263282719786
19403.07617260956   19.80951466483227
19409.17968823479   27.35549401276936
19415.28320386002   26.10633565888529
19421.38671948525   22.08253848309264
19427.49023511048   26.62941908202919
19433.59375073571   31.26291610560775
19439.69726636094   31.17725057072208
19445.80078198617   28.42223277410682
19451.9042976114   27.43129118954377
19458.00781323664   26.05948133726741
19464.11132886187   18.90052975119246
19470.2148444871   22.70599401429468
19476.31836011233   28.44950417724038
19482.42187573756   26.10429448468113
19488.52539136279   23.36766627516847
19494.62890698802   27.6577344502987
19500.73242261325   26.94892988652973
19506.83593823848   25.58889993016221
19512.93945386372   27.16719436560864
19519.04296948895   26.66629166791152
19525.14648511418   24.3887503209616
19531.25000073941   17.41900214272214
19537.35351636464   29.1911072695932
19543.45703198987   30.74545503528021
19549.5605476151   28.94988972666143
19555.66406324033   31.75680622373612
19561.76757886557   31.1091392675146
19567.87109449079   29.26954971856006
19573.97461011603   30.19287219693935
19580.07812574126   29.37674310857594
19586.18164136649   22.51287571077748
19592.28515699172   18.68528290053916
19598.38867261695   27.09893120745347
19604.49218824218   25.09294638100673
19610.59570386741   27.25407276833408
19616.69921949264   28.6000910471156
19622.80273511788   26.79494878622217
19628.9062507431   26.29281609414245
19635.00976636834   29.39980980815083
19641.11328199357   29.51183103627522
19647.2167976188   25.88056907325386
19653.32031324403   21.91784493243981
19659.42382886926   21.03085468470103
19665.52734449449   27.1801970543337
19671.63086011972   28.26070774736548
19677.73437574495   28.20688683741618
19683.83789137019   27.71138611423525
19689.94140699541   25.82010969883635
19696.04492262065   27.34456714376697
19702.14843824588   27.44708075322151
19708.25195387111   28.13713516850877
19714.35546949634   23.5869984040772
19720.45898512157   21.04359971525589
19726.5625007468   11.01240208014845
19732.66601637203   21.26657456057611
19738.76953199727   27.91538403769018
19744.8730476225   27.01730122081382
19750.97656324773   23.73581959117669
19757.08007887296   17.39614482165135
19763.18359449819   27.68851570245354
19769.28711012342   29.52462527236076
19775.39062574865   25.19994286385095
19781.49414137388   15.71856237728686
19787.59765699911   26.18838757397686
19793.70117262434   29.57181471998007
19799.80468824958   27.39434518077115
19805.90820387481   26.18623858924619
19812.01171950004   25.53928483479296
19818.11523512527   18.13522760444292
19824.2187507505   27.94279470721187
19830.32226637573   28.119188968436
19836.42578200096   28.6347747646729
19842.52929762619   26.2290913056251
19848.63281325142   25.85963328307599
19854.73632887665   28.2759460842191
19860.83984450189   23.8991471167446
19866.94336012712   25.4409713559502
19873.04687575235   26.45434755364741
19879.15039137758   26.63289150621672
19885.25390700281   17.2450756703871
19891.35742262804   24.37807348522047
19897.46093825327   28.45435749081739
19903.5644538785   24.01922325495027
19909.66796950373   17.12403166712511
19915.77148512896   23.02195985942606
19921.8750007542   26.39407739863116
19927.97851637943   22.72168876753753
19934.08203200466   20.72350157732488
19940.18554762989   23.54428023667666
19946.28906325512   23.24206739709133
19952.39257888035   24.09864639983265
19958.49609450558   27.53053213596408
19964.59961013082   27.3347017317665
19970.70312575604   27.5965984478858
19976.80664138128   27.93466603512411
19982.91015700651   28.03271766669094
19989.01367263174   25.58408158521758
19995.11718825697   24.68575857584652
20001.2207038822   24.41128820050304
20007.32421950743   26.06814080037672
20013.42773513266   26.15571320069167
20019.53125075789   26.61707398528559
20025.63476638313   26.23788702754002
20031.73828200835   23.94597259967487
20037.84179763359   18.86536659339311
20043.94531325882   20.71857460567028
20050.04882888405   22.95653135440404
20056.15234450928   25.03196059652313
20062.25586013451   17.6187310052441
20068.35937575974   24.11196924611636
20074.46289138497   16.8400736230151
20080.5664070102   23.35170991065809
20086.66992263544   26.49684857556359
20092.77343826066   27.40267514051432
20098.8769538859   30.01883797153332
20104.98046951113   31.17834491339373
20111.08398513636   29.06101010308815
20117.18750076159   25.28226065517446
20123.29101638682   19.90649091864532
20129.39453201205   23.53376423795465
20135.49804763728   27.02592041492746
20141.60156326252   24.22356003916629
20147.70507888775   22.38024885379407
20153.80859451298   19.27850354732256
20159.91211013821   23.23575415616327
20166.01562576344   21.48219103096806
20172.11914138867   18.05207889506124
20178.2226570139   24.9699703503085
20184.32617263913   28.34125511194464
20190.42968826436   29.41539129715071
20196.53320388959   25.66088172455032
20202.63671951483   11.1695608906957
20208.74023514006   18.18437550496523
20214.84375076529   24.10669511205911
20220.94726639052   29.04212917157961
20227.05078201575   30.85187206426186
20233.15429764098   29.30701409348777
20239.25781326621   21.61871306862226
20245.36132889144   24.98391676845796
20251.46484451667   26.36995753520626
20257.5683601419   25.73244738550855
20263.67187576714   27.20704668989775
20269.77539139237   26.5925839221177
20275.8789070176   24.7947922511284
20281.98242264283   21.27934275584634
20288.08593826806   20.38239131210132
20294.18945389329   13.64737471223262
20300.29296951852   22.13056551325705
20306.39648514375   26.68638098457086
20312.50000076899   27.85747379868346
20318.60351639421   28.72326245852772
20324.70703201945   26.75656182333466
20330.81054764468   24.26483061996796
20336.91406326991   24.49575564184902
20343.01757889514   30.29158509394463
20349.12109452037   32.27608968185076
20355.2246101456   28.51006002381254
20361.32812577083   23.05063674573887
20367.43164139607   16.67381601082215
20373.5351570213   24.39619950825738
20379.63867264653   23.73819321610629
20385.74218827176   14.08130205215299
20391.84570389699   19.53000019167464
20397.94921952222   20.66623384140031
20404.05273514745   22.20815511470747
20410.15625077268   23.18150508307312
20416.25976639791   16.0108143018912
20422.36328202314   16.73673205275756
20428.46679764838   25.15043250836108
20434.57031327361   26.28262285155607
20440.67382889884   27.08447589984491
20446.77734452407   27.08656694305353
20452.8808601493   22.67282548646268
20458.98437577453   19.61256166800155
20465.08789139976   28.89067892870919
20471.19140702499   29.49373936029176
20477.29492265022   28.3244875821606
20483.39843827545   25.1090081153373
20489.50195390069   19.00116933758891
20495.60546952592   21.71678279954011
20501.70898515115   27.4586460363717
20507.81250077638   26.88491959536276
20513.91601640161   23.28280978955361
20520.01953202684   19.06528776272656
20526.12304765207   21.65716088364371
20532.2265632773   20.0987871451336
20538.33007890253   20.49963276462628
20544.43359452777   20.95472050733452
20550.537110153   23.11980400280571
20556.64062577823   26.64394753221486
20562.74414140346   27.33588771425305
20568.84765702869   26.79565891008326
20574.95117265392   26.06384013417236
20581.05468827915   23.99483416166047
20587.15820390438   14.83952291382433
20593.26171952962   24.979837068408
20599.36523515484   26.35539084011916
20605.46875078008   21.8999235064927
20611.57226640531   19.80417733083686
20617.67578203054   16.84986056714411
20623.77929765577   23.32133787845019
20629.882813281   26.84695693234691
20635.98632890623   27.42959733734559
20642.08984453146   25.1023993288324
20648.19336015669   18.79076184658297
20654.29687578193   25.65432487020988
20660.40039140715   23.10147914471944
20666.50390703239   14.05464023851191
20672.60742265762   21.1025432210251
20678.71093828285   23.00000953728462
20684.81445390808   23.55691466594498
20690.91796953331   24.53672085000206
20697.02148515854   18.02525268837407
20703.12500078377   25.87370461779857
20709.228516409   21.66209861452025
20715.33203203424   12.85430021178094
20721.43554765946   19.90799079516708
20727.5390632847   24.35598431199505
20733.64257890993   21.37777225880998
20739.74609453516   22.73103349117749
20745.84961016039   21.59399542523951
20751.95312578562   25.49957643232798
20758.05664141085   21.95462085020455
20764.16015703608   22.24424879782007
20770.26367266132   24.35679748645251
20776.36718828655   20.01297016310335
20782.47070391178   19.34342596767261
20788.57421953701   18.58780999787592
20794.67773516224   21.23988908406628
20800.78125078747   22.19949325006847
20806.8847664127   23.00071062912571
20812.98828203793   23.27341006600467
20819.09179766316   21.9475072461849
20825.19531328839   17.53031601632156
20831.29882891363   22.49870167877415
20837.40234453886   24.07116953231412
20843.50586016409   24.0364444301689
20849.60937578932   25.37195213585743
20855.71289141455   21.70718033495984
20861.81640703978   10.9925252618209
20867.91992266501   20.44326373452602
20874.02343829024   18.08436824504997
20880.12695391547   17.94839842691034
20886.2304695407   22.9492044936832
20892.33398516594   23.53310825125302
20898.43750079117   19.83323433871462
20904.5410164164   21.79007725217257
20910.64453204163   23.17632958959657
20916.74804766686   21.26728995808431
20922.85156329209   22.24168516015117
20928.95507891732   21.06357878750643
20935.05859454255   24.5115681757909
20941.16211016778   22.13021608983991
20947.26562579301   20.07373476688793
20953.36914141825   17.53566751931533
20959.47265704348   16.85010938727918
20965.57617266871   20.98877466919104
20971.67968829394   25.44306656174757
20977.78320391917   26.2144023427647
20983.8867195444   21.55169078714322
20989.99023516963   17.32293092171779
20996.09375079487   18.63794859967017
21002.19726642009   16.8686916171061
21008.30078204533   10.79283950760489
21014.40429767056   21.93426749374023
21020.50781329579   24.12893120113818
21026.61132892102   22.1246284994232
21032.71484454625   23.24398564351661
21038.81836017148   22.80461625305648
21044.92187579671   20.44132156674859
21051.02539142194   22.09180362694742
21057.12890704718   19.66181066792392
21063.2324226724   20.97147162651054
21069.33593829764   21.91471995163131
21075.43945392287   21.22705581538113
21081.5429695481   19.488473321002
21087.64648517333   16.80344805456362
21093.75000079856   17.52813154578433
21099.85351642379   22.10843779185137
21105.95703204902   24.30868671889679
21112.06054767425   18.90211178040867
21118.16406329949   10.71878597506283
21124.26757892472   20.28494688522015
21130.37109454995   13.79637707644319
21136.47461017518   13.51940708653587
21142.57812580041   22.37168866958044
21148.68164142564   21.28666102663044
21154.78515705087   20.01312595429202
21160.8886726761   21.79528777127079
21166.99218830133   17.75241823507645
21173.09570392657   22.68673716637645
21179.1992195518   21.45143636012131
21185.30273517703   20.20008995635
21191.40625080226   13.37217658283523
21197.50976642749   17.24052288852438
21203.61328205272   13.4623632456192
21209.71679767795   12.099184239081
21215.82031330318   15.4626617724339
21221.92382892841   19.98143526914168
21228.02734455364   24.41908799746098
21234.13086017888   23.83894495551934
21240.23437580411   23.55847778241154
21246.33789142934   22.4244200106384
21252.44140705457   21.09133836622539
21258.5449226798   15.66861202452379
21264.64843830503   17.97479160052564
21270.75195393026   20.5930943548593
21276.85546955549   18.28985809607296
21282.95898518072   19.19934985512533
21289.06250080595   23.51530612214338
21295.16601643119   18.9645583902426
21301.26953205642   16.89171053231655
21307.37304768165   23.06123924489833
21313.47656330688   24.2207214647123
21319.58007893211   20.43127442066725
21325.68359455734   12.10698242730971
21331.78711018257   17.5226669826868
21337.8906258078   19.76501103081254
21343.99414143304   19.52874618273507
21350.09765705826   17.52263207626577
21356.2011726835   19.08142619290701
21362.30468830873   22.5656686293994
21368.40820393396   21.48506225730705
21374.51171955919   12.62859503536444
21380.61523518442   14.39618224553261
21386.71875080965   9.050110066215822
21392.82226643488   19.08809231664668
21398.92578206012   11.5862949879467
21405.02929768535   15.88016412001394
21411.13281331058   15.34630337555096
21417.23632893581   16.0358979881983
21423.33984456104   17.86382878778226
21429.44336018627   17.18374563808291
21435.5468758115   19.84058008828476
21441.65039143673   24.07636737629653
21447.75390706196   19.97794374128429
21453.85742268719   11.83073830745713
21459.96093831243   13.72463195815295
21466.06445393766   17.86884408436894
21472.16796956289   16.22568247303011
21478.27148518812   9.452742458097317
21484.37500081335   10.93059793332787
21490.47851643858   19.33025260660971
21496.58203206381   16.46643886006806
21502.68554768904   13.24591464168988
21508.78906331427   15.23090545680536
21514.8925789395   14.24213645918588
21520.99609456474   18.30049572641699
21527.09961018997   19.77283505399883
21533.2031258152   19.24730087937932
21539.30664144043   10.8752798506003
21545.41015706566   17.25546340281522
21551.51367269089   20.18000591911821
21557.61718831612   19.81362539505189
21563.72070394135   20.60623869771998
21569.82421956658   19.40681311026202
21575.92773519181   14.37489186227284
21582.03125081705   18.107092606804
21588.13476644228   16.89462064809645
21594.23828206751   16.70311551026488
21600.34179769274   16.04901496293859
21606.44531331797   15.13946581424267
21612.5488289432   10.26195777111811
21618.65234456843   7.441558724112212
21624.75586019367   11.74073513903094
21630.85937581889   18.41881591988907
21636.96289144413   19.60248110362209
21643.06640706936   16.44682347648914
21649.16992269459   20.12518042404275
21655.27343831982   19.76458709545435
21661.37695394505   17.88222915035988
21667.48046957028   14.84847066954497
21673.58398519551   16.91894459914908
21679.68750082074   10.5337456483905
21685.79101644598   18.7659209793242
21691.8945320712   17.55398765107813
21697.99804769644   10.3905027142769
21704.10156332167   15.27298408642071
21710.2050789469   15.10583561704359
21716.30859457213   17.94994338091056
21722.41211019736   14.81234009438318
21728.51562582259   1.408685305889925
21734.61914144782   13.34526219811167
21740.72265707305   16.62591029945312
21746.82617269829   13.01263569539833
21752.92968832351   17.06899378928541
21759.03320394875   21.21975939372999
21765.13671957398   20.07689853660414
21771.24023519921   13.27465838581472
21777.34375082444   18.66750282961632
21783.44726644967   19.14081765428143
21789.5507820749   18.77822035174394
21795.65429770013   15.6537361258641
21801.75781332537   14.70754460890929
21807.8613289506   9.770676504854334
21813.96484457583   17.8708876049692
21820.06836020106   18.63561580216194
21826.17187582629   18.55103238224738
21832.27539145152   17.28054995214355
21838.37890707675   20.16315290148515
21844.48242270198   17.61050668735907
21850.58593832721   15.51644941012276
21856.68945395244   18.61813278114742
21862.79296957768   15.57582281021446
21868.89648520291   14.97194185289128
21875.00000082814   14.38632357922694
21881.10351645337   19.01511221084903
21887.2070320786   22.03434259532976
21893.31054770383   19.87232481668962
21899.41406332906   16.04229987209795
21905.51757895429   14.66116677133672
21911.62109457952   13.07101318691358
21917.72461020475   11.16374137308303
21923.82812582999   9.06279357687321
21929.93164145522   20.39914206900011
21936.03515708045   14.15947743328626
21942.13867270568   16.02052557983185
21948.24218833091   16.42106499584634
21954.34570395614   13.88830272188571
21960.44921958137   13.52476239004484
21966.5527352066   17.05506848206688
21972.65625083183   13.17102256576774
21978.75976645706   7.462180388585602
21984.8632820823   13.17495512351513
21990.96679770753   17.28199953749209
21997.07031333276   15.78586738644277
22003.17382895799   17.72747143651974
22009.27734458322   18.44520605260704
22015.38086020845   17.91141297538403
22021.48437583368   14.81294445028288
22027.58789145892   13.62292728195515
22033.69140708414   14.73263698664565
22039.79492270938   14.28097268486521
22045.89843833461   14.77693427548779
22052.00195395984   18.92342896491677
22058.10546958507   16.0902360513524
22064.2089852103   12.09496603996365
22070.31250083553   8.922892039897627
22076.41601646076   6.490194394119086
22082.51953208599   12.29395685291125
22088.62304771123   12.84835355292013
22094.72656333646   11.49634408811712
22100.83007896169   11.49322831612682
22106.93359458692   11.66639807942962
22113.03711021215   14.79694954049187
22119.14062583738   14.90207603850011
22125.24414146261   17.23896142580848
22131.34765708784   16.11852376766564
22137.45117271307   17.07658481539762
22143.5546883383   12.85478973196758
22149.65820396354   11.56420732675856
22155.76171958877   18.23448370617219
22161.865235214   17.3426134241936
22167.96875083923   14.93127691979803
22174.07226646446   13.20346321522534
22180.17578208969   13.41925417715498
22186.27929771492   10.70111493620791
22192.38281334015   9.354010629635233
22198.48632896538   13.91626525076814
22204.58984459062   10.80129054841717
22210.69336021585   6.268869668423704
22216.79687584108   8.931796712244331
22222.90039146631   8.335063092916654
22229.00390709154   13.42050859491119
22235.10742271677   14.81832184417671
22241.210938342   14.76314882592987
22247.31445396723   12.27983821663352
22253.41796959246   13.03832698320049
22259.52148521769   13.60020204514795
22265.62500084293   13.8813274663203
22271.72851646816   13.06941278496448
22277.83203209339   10.04120521070805
22283.93554771862   18.23285816090299
22290.03906334385   18.81594217108469
22296.14257896908   13.28525205578099
22302.24609459431   14.60666270499967
22308.34961021954   11.40159354023306
22314.45312584478   11.94832120638252
22320.55664147   7.999221214869614
22326.66015709524   12.63541792442789
22332.76367272047   16.54042386686079
22338.8671883457   12.80336585322413
22344.97070397093   14.50588459102478
22351.07421959616   12.16357542355179
22357.17773522139   11.595699844107
22363.28125084662   8.994596227251144
22369.38476647185   9.614560871441583
22375.48828209709   14.99456056766756
22381.59179772231   12.87711707077068
22387.69531334755   11.74930875898243
22393.79882897278   11.18428471262016
22399.90234459801   13.94831104795086
22406.00586022324   15.51245107704286
22412.10937584847   14.96706009110738
22418.2128914737   13.15558045048432
22424.31640709893   10.34957821780223
22430.41992272417   12.36559713665765
22436.5234383494   11.10245716949839
22442.62695397463   7.233865275446506
22448.73046959986   13.4541013618016
22454.83398522509   13.02570144568559
22460.93750085032   9.991850855058441
22467.04101647555   9.996635122827414
22473.14453210078   8.99838895124322
22479.24804772601   9.523649800543492
22485.35156335124   7.238960945248092
22491.45507897648   9.749759665483175
22497.55859460171   13.6598425259289
22503.66211022694   13.69835634147477
22509.76562585217   10.98809633752262
22515.8691414774   9.267230464410813
22521.97265710263   14.87102854410638
22528.07617272786   16.67032820620026
22534.17968835309   14.51981475797695
22540.28320397832   9.953468103461802
22546.38671960355   10.57067826919161
22552.49023522879   11.47638248968064
22558.59375085402   18.92163865165155
22564.69726647925   15.86571206071899
22570.80078210448   10.67429721884226
22576.90429772971   1.799581873194343
22583.00781335494   5.937973708699432
22589.11132898017   15.18081513584472
22595.2148446054   8.82164824032518
22601.31836023063   10.87667380704719
22607.42187585586   13.80957083923193
22613.5253914811   12.88967479892138
22619.62890710633   13.38784584787766
22625.73242273156   17.01335004269895
22631.83593835679   7.663791163282263
22637.93945398202   9.093620627959231
22644.04296960725   6.87072143428495
22650.14648523248   11.74609799375146
22656.25000085772   13.26315658883231
22662.35351648294   11.00270619593441
22668.45703210818   10.47326246624429
22674.56054773341   12.16265139680157
22680.66406335864   14.67175671604856
22686.76757898387   16.33099172519558
22692.8710946091   8.460167634963224
22698.97461023433   10.25353666639994
22705.07812585956   12.00912905090155
22711.18164148479   11.99701252135436
22717.28515711003   9.97521288316473
22723.38867273525   4.638046296266675
22729.49218836049   12.26442610891104
22735.59570398572   11.7042039526466
22741.69921961095   11.85449068023985
22747.80273523618   16.49327924724892
22753.90625086141   13.62051596898902
22760.00976648664   5.233488049732608
22766.11328211187   6.456689463425064
22772.2167977371   6.160147707419745
22778.32031336234   5.700620281965127
22784.42382898756   12.5423493251472
22790.5273446128   12.09725987373955
22796.63086023803   14.00530751263142
22802.73437586326   14.05562553824507
22808.83789148849   12.43219669064183
22814.94140711372   14.54793968542699
22821.04492273895   16.80589625200039
22827.14843836418   12.36053691816399
22833.25195398942   6.861421130304596
22839.35546961465   5.927901863031353
22845.45898523988   7.869183989985471
22851.56250086511   1.886379480419149
22857.66601649034   8.726253291929282
22863.76953211557   13.02356033478876
22869.8730477408   12.42094071736752
22875.97656336603   14.82076514432819
22882.08007899126   9.812610692664887
22888.18359461649   8.676712149487853
22894.28711024173   8.678574617310092
22900.39062586696   10.11879299575386
22906.49414149219   0.6250581340391022
22912.59765711742   6.511102410903653
22918.70117274265   15.88095761862615
22924.80468836788   14.62113288335074
22930.90820399311   11.63945620582991
22937.01171961834   12.94490730130304
22943.11523524357   13.47193073882807
22949.2187508688   14.66650556579835
22955.32226649404   12.55538081250975
22961.42578211927   10.39131049451952
22967.5292977445   10.20649971770654
22973.63281336973   11.13219989131284
22979.73632899496   8.761888149126078
22985.83984462019   2.28620772923926
22991.94336024542   4.811578170362337
22998.04687587065   7.767946931128515
23004.15039149588   9.912862749490829
23010.25390712111   10.6022012367502
23016.35742274635   7.646006759726598
23022.46093837158   6.782221359393664
23028.56445399681   12.87153846650579
23034.66796962204   10.6219687056071
23040.77148524727   12.48199212010414
23046.8750008725   15.43954650575616
23052.97851649773   14.25301407819457
23059.08203212297   9.066862487592763
23065.18554774819   14.25204232278839
23071.28906337343   17.4209690861173
23077.39257899866   16.97870348201505
23083.49609462389   8.936395070760057
23089.59961024912   12.17375014355035
23095.70312587435   11.35649809893579
23101.80664149958   7.950878027895964
23107.91015712481   5.620640816642872
23114.01367275004   11.08842908172122
23120.11718837528   12.03939931131649
23126.22070400051   2.399673038074563
23132.32421962574   5.171582576152206
23138.42773525097   8.641760437391515
23144.5312508762   9.226113957699393
23150.63476650143   8.898148571571209
23156.73828212666   11.87906673770394
23162.84179775189   6.89627186264009
23168.94531337712   10.85522493450595
23175.04882900235   13.56315510943522
23181.15234462759   12.25184577750202
23187.25586025282   10.13537687054041
23193.35937587805   11.44598506857895
23199.46289150328   13.4676763451187
23205.56640712851   9.4084507650866
23211.66992275374   6.157418111297127
23217.77343837897   13.93137220389944
23223.8769540042   12.41614715560973
23229.98046962943   -8.728021282879277
23236.08398525466   7.239381404432491
23242.1875008799   5.713188858096093
23248.29101650513   7.564696789004507
23254.39453213036   7.967409795566693
23260.49804775559   5.235323096628003
23266.60156338082   6.848508045748753
23272.70507900605   5.196269318874349
23278.80859463128   11.12936596481654
23284.91211025652   14.41721680565732
23291.01562588174   9.705865726786582
23297.11914150698   9.053149391727636
23303.22265713221   8.084074718412262
23309.32617275744   11.81340593627891
23315.42968838267   2.918214716210704
23321.5332040079   8.789299184743431
23327.63671963313   13.59277562738852
23333.74023525836   10.11813604603859
23339.84375088359   7.846960604071008
23345.94726650883   5.52082088625825
23352.05078213405   7.561023401871171
23358.15429775929   9.012781785505213
23364.25781338452   11.88105243005256
23370.36132900975   8.408057407550878
23376.46484463498   11.24767942700144
23382.56836026021   8.124491980225926
23388.67187588544   4.845850307836427
23394.77539151067   6.920285611343582
23400.8789071359   8.414700024962142
23406.98242276114   9.275129936409241
23413.08593838636   11.76294020633835
23419.1894540116   12.90572870863569
23425.29296963683   13.77803114971032
23431.39648526206   8.388327317161151
23437.50000088729   9.661906216406001
23443.60351651252   6.128524829522661
23449.70703213775   3.399896468287373
23455.81054776298   10.87991574043111
23461.91406338822   13.85249266865094
23468.01757901345   6.826390545559434
23474.12109463868   10.48874971776509
23480.22461026391   12.44495859885943
23486.32812588914   7.439361529764236
23492.43164151437   6.141310538907701
23498.5351571396   6.094021802269518
23504.63867276483   7.801635660495192
23510.74218839006   8.087762447801127
23516.84570401529   1.664749479070681
23522.94921964053   4.109339324423431
23529.05273526576   10.05999530644049
23535.15625089099   13.64725015477144
23541.25976651622   11.56786915046808
23547.36328214145   8.433699549492284
23553.46679776668   9.955697318935613
23559.57031339191   10.98588809557633
23565.67382901714   -3.7346497434295
23571.77734464237   2.040422516604921
23577.8808602676   7.437331238939771
23583.98437589284   7.810759417569287
23590.08789151807   11.51710910062908
23596.1914071433   10.04142989681304
23602.29492276853   12.84263507352771
23608.39843839376   9.396230526052365
23614.50195401899   12.46793140472272
23620.60546964422   15.77908086133102
23626.70898526945   12.68489646304966
23632.81250089468   8.660194790317806
23638.91601651991   11.96215682637725
23645.01953214515   8.446171921737044
23651.12304777038   5.958802660696674
23657.22656339561   9.074368116650849
23663.33007902084   12.61157591800664
23669.43359464607   11.18417013022597
23675.5371102713   7.70855584813048
23681.64062589653   4.447021209231808
23687.74414152177   11.52453176531032
23693.84765714699   -0.8508108647484701
23699.95117277223   10.61090285460427
23706.05468839746   5.844153677369927
23712.15820402269   6.827943553040015
23718.26171964792   7.106302175191292
23724.36523527315   8.001514029984646
23730.46875089838   9.629188870116057
23736.57226652361   11.27091163849984
23742.67578214884   10.98414812609452
23748.77929777408   9.437953339288338
23754.8828133993   10.36661836485274
23760.98632902454   11.16436930061784
23767.08984464977   9.326423968736627
23773.193360275   3.647191475578081
23779.29687590023   6.851207590903668
23785.40039152546   4.543161123167861
23791.50390715069   10.73726028163956
23797.60742277592   9.53369114940495
23803.71093840115   6.736632588297987
23809.81445402639   6.666592324765286
23815.91796965161   8.959139920378854
23822.02148527685   5.784560904453593
23828.12500090208   8.883809613469062
23834.22851652731   -0.6454771992354892
23840.33203215254   8.251429731720766
23846.43554777777   6.37421693675177
23852.539063403   7.803580903444192
23858.64257902823   7.483660698690144
23864.74609465347   8.4985461056938
23870.8496102787   10.95771478985327
23876.95312590393   12.03807941063851
23883.05664152916   12.26993410431074
23889.16015715439   10.17073201013272
23895.26367277962   4.198116914705702
23901.36718840485   2.553210768493082
23907.47070403008   5.553694249989157
23913.57421965531   3.588364900896628
23919.67773528054   -0.7737603705598808
23925.78125090578   8.581245048801788
23931.88476653101   12.41123905280842
23937.98828215624   12.6767571676645
23944.09179778147   10.4985691760547
23950.1953134067   7.766986428148889
23956.29882903193   7.937664824650774
23962.40234465716   9.995766903599273
23968.50586028239   10.11592401565605
23974.60937590762   8.428426685123071
23980.71289153285   7.756802054745672
23986.81640715809   5.160535591164769
23992.91992278332   9.120795621002454
23999.02343840855   11.11046853341722
24005.12695403378   12.87740705925291
24011.23046965901   10.14452016318947
24017.33398528424   8.322478449928564
24023.43750090947   6.016774208137807
24029.5410165347   6.407383829532751
24035.64453215993   9.365306527613654
24041.74804778516   12.66709216756273
24047.8515634104   4.456812140279903
24053.95507903563   8.612731822526483
24060.05859466086   12.92224299847256
24066.16211028609   13.29015367974807
24072.26562591132   8.386527504969097
24078.36914153655   7.443084728869397
24084.47265716178   5.051005973932439
24090.57617278702   7.257068321370034
24096.67968841225   3.779654096305942
24102.78320403748   4.61722425723955
24108.88671966271   9.290597054094494
24114.99023528794   8.810124176251774
24121.09375091317   11.02128736536071
24127.1972665384   10.43758680158448
24133.30078216363   10.45579701282394
24139.40429778886   10.29493437468311
24145.50781341409   10.25100374130861
24151.61132903933   10.08021323347725
24157.71484466456   12.4817446913386
24163.81836028979   10.46713173569532
24169.92187591502   9.935983526986155
24176.02539154025   9.941923507587502
24182.12890716548   8.519617534102021
24188.23242279071   9.727298157777934
24194.33593841594   13.52486590859163
24200.43945404117   11.51924712967631
24206.5429696664   8.433316892382468
24212.64648529164   2.826890023885711
24218.75000091687   6.90773803844539
24224.8535165421   5.01073299169934
24230.95703216733   5.740752785467098
24237.06054779256   4.919814105923248
24243.16406341779   10.64101430680226
24249.26757904302   12.95110216629671
24255.37109466825   10.66052110787165
24261.47461029348   8.84154150521605
24267.57812591871   4.874206541766109
24273.68164154395   10.15390842543398
24279.78515716918   9.957105716222081
24285.88867279441   6.753304484846637
24291.99218841964   8.138294748696149
24298.09570404487   6.315874722136061
24304.1992196701   3.887435326153377
24310.30273529533   6.663405571367611
24316.40625092057   11.17603658283105
24322.50976654579   13.21585951452189
24328.61328217103   9.543623334464057
24334.71679779626   8.050170806891449
24340.82031342149   6.976168826255237
24346.92382904672   4.800667494989433
24353.02734467195   -0.08898373228176903
24359.13086029718   2.130494338232026
24365.23437592241   8.373513299181592
24371.33789154764   9.7128528882577
24377.44140717288   8.370509791788995
24383.5449227981   11.46591225193473
24389.64843842334   8.666226092261972
24395.75195404857   4.93737122193419
24401.8554696738   8.410483798432027
24407.95898529903   9.803613577918593
24414.06250092426   7.882491898497298
24420.16601654949   7.858005181709057
24426.26953217472   3.412288484378836
24432.37304779995   7.775100333288739
24438.47656342519   9.345985817691606
24444.58007905041   6.14556950003279
24450.68359467565   11.64071329663741
24456.78711030088   8.660399728248546
24462.89062592611   5.209168152681131
24468.99414155134   9.619987461219088
24475.09765717657   11.23294882833527
24481.2011728018   11.2890756219895
24487.30468842703   1.990478373055409
24493.40820405227   5.081409803589475
24499.5117196775   10.2126891277458
24505.61523530273   6.328457585743767
24511.71875092796   4.248620731332492
24517.82226655319   7.550466714640651
24523.92578217842   9.120444542387958
24530.02929780365   -3.958267944215258
24536.13281342888   1.965817767592209
24542.23632905411   8.524935556774926
24548.33984467934   2.838836190309714
24554.44336030458   6.950561268621875
24560.54687592981   4.167115237498441
24566.65039155504   4.211316626637558
24572.75390718027   1.974169248834542
24578.8574228055   11.95012641001567
24584.96093843073   9.819415948864973
24591.06445405596   4.219659064918878
24597.16796968119   -1.923559105110447
24603.27148530642   3.479040001487863
24609.37500093165   4.041631202652201
24615.47851655689   8.584715177370608
24621.58203218212   10.70417734253177
24627.68554780735   11.87760279231848
24633.78906343258   9.507376202454022
24639.89257905781   5.559535312910908
24645.99609468304   4.477445295103032
24652.09961030827   8.279350068126689
24658.2031259335   6.558745614566549
24664.30664155873   8.517085345771298
24670.41015718396   6.108611605687732
24676.5136728092   6.697797435556367
24682.61718843443   11.19528797487407
24688.72070405966   10.33450111811472
24694.82421968489   5.245707358044616
24700.92773531012   4.137256488719565
24707.03125093535   9.321601561050912
24713.13476656058   5.123802071587507
24719.23828218582   6.287775427440097
24725.34179781104   1.624174022651262
24731.44531343628   6.845488320737663
24737.54882906151   4.568786689607487
24743.65234468674   4.118346052242629
24749.75586031197   4.278586476340982
24755.8593759372   6.256326164500214
24761.96289156243   7.84473831783925
24768.06640718766   11.84573331950579
24774.16992281289   10.73372059932229
24780.27343843813   10.58210414869446
24786.37695406335   8.763863113911047
24792.48046968859   9.462015292896833
24798.58398531382   8.84837776883826
24804.68750093905   8.415250627973039
24810.79101656428   7.746183148777454
24816.89453218951   7.609442212492242
24822.99804781474   9.057413958363425
24829.10156343997   -1.028407493402255
24835.2050790652   10.65296825679813
24841.30859469044   8.446815079521135
24847.41211031566   4.077802232847972
24853.5156259409   5.031715432756149
24859.61914156613   4.588432281673322
24865.72265719136   2.626202170064424
24871.82617281659   3.263577920997869
24877.92968844182   5.962312841136187
24884.03320406705   6.429797635515505
24890.13671969228   7.052039469765009
24896.24023531751   10.87158604376922
24902.34375094275   12.49381402260803
24908.44726656798   10.54429618406365
24914.55078219321   8.186099108071494
24920.65429781844   9.664631794277424
24926.75781344367   12.8494651260098
24932.8613290689   9.812603150090993
24938.96484469413   10.56764480802651
24945.06836031936   11.77544979173566
24951.17187594459   9.347819899191816
24957.27539156983   -2.385787698334177
24963.37890719506   -0.508495442993701
24969.48242282029   7.877202401477165
24975.58593844552   8.757296678160841
24981.68945407075   10.05338386908704
24987.79296969598   6.841024853304409
24993.89648532121   4.796675859248988
25000.00000094644   -15.31652934129459
